CNPJ;RazaoSocial;Ano;Trimestre;ValorDespesas
1012474000116;UNIMED PONTE NOVA COOPERATIVA DE TRABALHO MEDICO LTDA;2025;1T2025;19153.0
1012474000116;UNIMED PONTE NOVA COOPERATIVA DE TRABALHO MEDICO LTDA;2025;2T2025;24214.0
1012474000116;UNIMED PONTE NOVA COOPERATIVA DE TRABALHO MEDICO LTDA;2025;3T2025;50162.0
10219897000100;UNIMED OESTE DO PARÁ - COOPERATIVA DE TRABALHO MÉDICO;2025;3T2025;4996.0
103956000119;UNIMED LITORAL SUL/RS - COOPERATIVA DE ASSISTÊNCIA À SAÚDE LTDA.;2025;1T2025;243457.0
103956000119;UNIMED LITORAL SUL/RS - COOPERATIVA DE ASSISTÊNCIA À SAÚDE LTDA.;2025;2T2025;-243457.0
103956000119;UNIMED LITORAL SUL/RS - COOPERATIVA DE ASSISTÊNCIA À SAÚDE LTDA.;2025;3T2025;8395.0
10414182000109;UNIMED SAÚDE E ODONTO S.A;2025;1T2025;-12508.0
10414182000109;UNIMED SAÚDE E ODONTO S.A;2025;2T2025;2330.0
10414182000109;UNIMED SAÚDE E ODONTO S.A;2025;3T2025;1840.0
1052203000194;CAIXA ASSISTENCIAL UNIVERSITARIA DO RIO DE JANEIRO;2025;1T2025;12000.0
1052203000194;CAIXA ASSISTENCIAL UNIVERSITARIA DO RIO DE JANEIRO;2025;2T2025;12000.0
1052203000194;CAIXA ASSISTENCIAL UNIVERSITARIA DO RIO DE JANEIRO;2025;3T2025;-24000.0
10935483000170;ASSOCIAÇÃO DA SANTA CASA SAÚDE DE RIBEIRÃO PRETO;2025;1T2025;400.0
10935483000170;ASSOCIAÇÃO DA SANTA CASA SAÚDE DE RIBEIRÃO PRETO;2025;2T2025;380.0
10935483000170;ASSOCIAÇÃO DA SANTA CASA SAÚDE DE RIBEIRÃO PRETO;2025;3T2025;307.0
111826000128;UNIMED ARARUAMA COOPERATIVA DE TRABALHO MÉDICO LTDA;2025;1T2025;2915.0
111826000128;UNIMED ARARUAMA COOPERATIVA DE TRABALHO MÉDICO LTDA;2025;2T2025;-1449.0
11214624000128;UNIMED RECIFE COOPERATIVA DE TRABALHO MÉDICO;2025;1T2025;275.0
11214624000128;UNIMED RECIFE COOPERATIVA DE TRABALHO MÉDICO;2025;2T2025;160.0
11336728000105;ASSOCIAÇÃO SAÚDE RURAL ALEGRETE;2025;1T2025;45027.0
11336728000105;ASSOCIAÇÃO SAÚDE RURAL ALEGRETE;2025;2T2025;-45027.0
1143922000110;UNIMED CACERES COOPERATIVA DE TRABALHO MÉDICO ;2025;1T2025;1817338.0
1143922000110;UNIMED CACERES COOPERATIVA DE TRABALHO MÉDICO ;2025;2T2025;-1817338.0
11565995000154;PORTOMED - PORTO SEGURO SERVIÇOS DE SAUDE LTDA;2025;1T2025;4055.0
11565995000154;PORTOMED - PORTO SEGURO SERVIÇOS DE SAUDE LTDA;2025;2T2025;4960.0
11565995000154;PORTOMED - PORTO SEGURO SERVIÇOS DE SAUDE LTDA;2025;3T2025;4540.0
11828089000103;LUMINAR SAÚDE - ASSOCIAÇÃO DE ASSISTÊNCIA À SAÚDE;2025;1T2025;3950.0
11828089000103;LUMINAR SAÚDE - ASSOCIAÇÃO DE ASSISTÊNCIA À SAÚDE;2025;2T2025;-3950.0
11867361000156;ASSOCIAÇÃO SAÚDE SÃO JOSÉ;2025;1T2025;10375.0
11867361000156;ASSOCIAÇÃO SAÚDE SÃO JOSÉ;2025;2T2025;541.0
11867361000156;ASSOCIAÇÃO SAÚDE SÃO JOSÉ;2025;3T2025;105453.0
1193663000132;UNIMED DE CATALÃO COOPERATIVA DE TRABALHO MÉDICO;2025;1T2025;33453.0
1193663000132;UNIMED DE CATALÃO COOPERATIVA DE TRABALHO MÉDICO;2025;2T2025;70000.0
1193663000132;UNIMED DE CATALÃO COOPERATIVA DE TRABALHO MÉDICO;2025;3T2025;56251.0
11973134000105;SUL AMÉRICA ODONTOLÓGICO S/A;2025;3T2025;300.0
11996146000155;CAIXA DE ASSISTÊNCIA À SAÚDE DO SINDICATO DOS FUNCIONÁRIOS INTEGRANTES DO GRUPO OCUPACIONAL ADMINISTRAÇÃO TRIBUTÁRIA DO ESTADO DE PERNAMBUCO;2025;1T2025;219252.0
11996146000155;CAIXA DE ASSISTÊNCIA À SAÚDE DO SINDICATO DOS FUNCIONÁRIOS INTEGRANTES DO GRUPO OCUPACIONAL ADMINISTRAÇÃO TRIBUTÁRIA DO ESTADO DE PERNAMBUCO;2025;2T2025;230868.0
11996146000155;CAIXA DE ASSISTÊNCIA À SAÚDE DO SINDICATO DOS FUNCIONÁRIOS INTEGRANTES DO GRUPO OCUPACIONAL ADMINISTRAÇÃO TRIBUTÁRIA DO ESTADO DE PERNAMBUCO;2025;3T2025;230868.0
12442737000143;UNIMED MACEIO COOPERATIVA DE TRABALHO MÉDICO;2025;2T2025;102053.0
12442737000143;UNIMED MACEIO COOPERATIVA DE TRABALHO MÉDICO;2025;3T2025;-42293.0
12698000165;UNIMED DE PENAPOLIS - COOPERATIVA DE TRABALHO MEDICO;2025;2T2025;425.0
12698000165;UNIMED DE PENAPOLIS - COOPERATIVA DE TRABALHO MEDICO;2025;3T2025;-125.0
12838821000180;FUNDAÇÃO FIAT SAÚDE E BEM ESTAR;2025;2T2025;55381.0
12838821000180;FUNDAÇÃO FIAT SAÚDE E BEM ESTAR;2025;3T2025;-55381.0
12923462000160;UNIODONTO DE JOÃO PESSOA COOPERATIVA ODONTOLÓGICA;2025;2T2025;147181.0
12923462000160;UNIODONTO DE JOÃO PESSOA COOPERATIVA ODONTOLÓGICA;2025;3T2025;-147181.0
13001218000102;ASSOCIAÇÃO SANTA SAÚDE;2025;1T2025;217.0
13001218000102;ASSOCIAÇÃO SANTA SAÚDE;2025;2T2025;35.0
13001218000102;ASSOCIAÇÃO SANTA SAÚDE;2025;3T2025;30.0
13026081000140;FUNDO DE ASSISTÊNCIA MÉDICO-HOSPITALAR DO MINISTÉRIO PÚBLICO;2025;3T2025;12962.0
13360276000122;UNIMED SERGIPE - COOPERATIVA DE TRABALHO MÉDICO;2025;1T2025;7367.0
13360276000122;UNIMED SERGIPE - COOPERATIVA DE TRABALHO MÉDICO;2025;2T2025;-6247.0
13360276000122;UNIMED SERGIPE - COOPERATIVA DE TRABALHO MÉDICO;2025;3T2025;-320.0
1356020000162;UNIMED MEIO OESTE CATARINENSE COOPERATIVA DE TRABALHO MÉDICO;2025;1T2025;37670.0
1356020000162;UNIMED MEIO OESTE CATARINENSE COOPERATIVA DE TRABALHO MÉDICO;2025;2T2025;-7285.0
1356020000162;UNIMED MEIO OESTE CATARINENSE COOPERATIVA DE TRABALHO MÉDICO;2025;3T2025;-17795.0
13816250000146;OPLAN SAÚDE OPERADORA DE PLANO DE SAÚDE LTDA;2025;1T2025;8070.0
13816250000146;OPLAN SAÚDE OPERADORA DE PLANO DE SAÚDE LTDA;2025;2T2025;-8070.0
13816250000146;OPLAN SAÚDE OPERADORA DE PLANO DE SAÚDE LTDA;2025;3T2025;2986186.0
1387625000110;DOCTOR CLIN OPERADORA DE PLANOS DE SAÚDE LTDA.;2025;1T2025;63950808.0
1387625000110;DOCTOR CLIN OPERADORA DE PLANOS DE SAÚDE LTDA.;2025;2T2025;-63950808.0
14408631000159;FUNDAÇÃO PLAMHUV - PLANO MÉDICO HOSPITALAR DOS HOSPITAIS UNIDOS DE VIÇOSA;2025;1T2025;665.0
14408631000159;FUNDAÇÃO PLAMHUV - PLANO MÉDICO HOSPITALAR DOS HOSPITAIS UNIDOS DE VIÇOSA;2025;2T2025;450.0
14408631000159;FUNDAÇÃO PLAMHUV - PLANO MÉDICO HOSPITALAR DOS HOSPITAIS UNIDOS DE VIÇOSA;2025;3T2025;14137.0
15131148000132;AMHA SAUDE S/A;2025;1T2025;17630.0
15131148000132;AMHA SAUDE S/A;2025;2T2025;12510.0
15131148000132;AMHA SAUDE S/A;2025;3T2025;13110.0
15215452000168;CAIXA DE ASSISTÊNCIA DOS EMPREGADOS DO BANEB;2025;1T2025;1790.0
15308521000188;UNIODONTO BELÉM - COOPERATIVA DE ASSISTÊNCIA À SAÚDE ODONTOLÓGICA;2025;2T2025;2392735.0
15308521000188;UNIODONTO BELÉM - COOPERATIVA DE ASSISTÊNCIA À SAÚDE ODONTOLÓGICA;2025;3T2025;-2392735.0
15395999000192;UNIMED DE DOURADOS COOPERATIVA DE TRABALHO MÉDICO LTDA;2025;1T2025;96.0
15395999000192;UNIMED DE DOURADOS COOPERATIVA DE TRABALHO MÉDICO LTDA;2025;2T2025;8081995.0
15395999000192;UNIMED DE DOURADOS COOPERATIVA DE TRABALHO MÉDICO LTDA;2025;3T2025;-8066610.0
1554266000149;UNIMED DE BRUSQUE COOPERATIVA DE TRABALHO MÉDICO;2025;2T2025;5305.0
1554266000149;UNIMED DE BRUSQUE COOPERATIVA DE TRABALHO MÉDICO;2025;3T2025;735634.0
1559455000104;UNIMED NORDESTE PAULISTA - FED. INTRAFEDERATIVA DAS COOP. MÉDICAS;2025;1T2025;1400.0
1559455000104;UNIMED NORDESTE PAULISTA - FED. INTRAFEDERATIVA DAS COOP. MÉDICAS;2025;2T2025;1400.0
1559455000104;UNIMED NORDESTE PAULISTA - FED. INTRAFEDERATIVA DAS COOP. MÉDICAS;2025;3T2025;-2800.0
1569902000106;UNIMED CAÇADOR COOPERATIVA DE TRABALHO MÉDICO DA REGIÃO DO CONTESTADO;2025;1T2025;42060.0
1569902000106;UNIMED CAÇADOR COOPERATIVA DE TRABALHO MÉDICO DA REGIÃO DO CONTESTADO;2025;2T2025;-42060.0
1569902000106;UNIMED CAÇADOR COOPERATIVA DE TRABALHO MÉDICO DA REGIÃO DO CONTESTADO;2025;3T2025;3681379.0
15713057000105;ASSOCIAÇÃO DO PLANO DE SAÚDE DA SANTA CASA DE MISERICÓRDIA DE ITABUNA - PLANSUL;2025;1T2025;28447.0
15713057000105;ASSOCIAÇÃO DO PLANO DE SAÚDE DA SANTA CASA DE MISERICÓRDIA DE ITABUNA - PLANSUL;2025;2T2025;-17629.0
15713057000105;ASSOCIAÇÃO DO PLANO DE SAÚDE DA SANTA CASA DE MISERICÓRDIA DE ITABUNA - PLANSUL;2025;3T2025;1100.0
1608379000180;UNIMED CENTRO OESTE PAULISTA - FEDERAÇÃO INTRAFEDERATIVA DAS COOPERATIVAS MÉDICAS;2025;2T2025;27782714.0
1608379000180;UNIMED CENTRO OESTE PAULISTA - FEDERAÇÃO INTRAFEDERATIVA DAS COOPERATIVAS MÉDICAS;2025;3T2025;-27782714.0
1647867000104;UNIMED INTRAFEDERATIVA FEDERAÇÃO REGIONAL SUL DE MINAS;2025;3T2025;1029058.0
1648339000161;VITA ASSISTÊNCIA A SAÚDE LTDA.;2025;1T2025;302226.0
1648339000161;VITA ASSISTÊNCIA A SAÚDE LTDA.;2025;2T2025;4946.0
1648339000161;VITA ASSISTÊNCIA A SAÚDE LTDA.;2025;3T2025;-11762.0
16513178000176;UNIMED BELO HORIZONTE COOPERATIVA DE TRABALHO MÉDICO;2025;1T2025;14840.0
16513178000176;UNIMED BELO HORIZONTE COOPERATIVA DE TRABALHO MÉDICO;2025;2T2025;24950.0
16513178000176;UNIMED BELO HORIZONTE COOPERATIVA DE TRABALHO MÉDICO;2025;3T2025;3884265.0
1659087000176;UNIMED VILHENA - COOPERATIVA DE TRABALHO MEDICO LTDA;2025;1T2025;4620.0
1659087000176;UNIMED VILHENA - COOPERATIVA DE TRABALHO MEDICO LTDA;2025;2T2025;9700.0
1659087000176;UNIMED VILHENA - COOPERATIVA DE TRABALHO MEDICO LTDA;2025;3T2025;7225.0
16665579000141;ASSOCIAÇÃO SANTA CASA SAÚDE DE ARAÇATUBA;2025;1T2025;28542.0
16665579000141;ASSOCIAÇÃO SANTA CASA SAÚDE DE ARAÇATUBA;2025;2T2025;8651066.0
16665579000141;ASSOCIAÇÃO SANTA CASA SAÚDE DE ARAÇATUBA;2025;3T2025;-8677108.0
1685053000156;SUL AMERICA COMPANHIA DE SEGURO SAÚDE;2025;3T2025;50000.0
16921561000163;UNIMED MONTES CLAROS COOPERATIVA DE  TRABALHO MÉDICO LTDA.;2025;1T2025;1120.0
16921561000163;UNIMED MONTES CLAROS COOPERATIVA DE  TRABALHO MÉDICO LTDA.;2025;2T2025;-934.0
16991945000152;UNIMED VALE DO AÇO COOPERATIVA DE TRABALHO MÉDICO;2025;1T2025;142027.0
16991945000152;UNIMED VALE DO AÇO COOPERATIVA DE TRABALHO MÉDICO;2025;2T2025;-12960.0
17505793000101;ABERTTA SAÚDE - ASSOCIAÇÃO BENEFICENTE DOS EMPREGADOS DA ARCELORMITTAL NO BRASIL;2025;1T2025;56970.0
17505793000101;ABERTTA SAÚDE - ASSOCIAÇÃO BENEFICENTE DOS EMPREGADOS DA ARCELORMITTAL NO BRASIL;2025;2T2025;88718.0
17505793000101;ABERTTA SAÚDE - ASSOCIAÇÃO BENEFICENTE DOS EMPREGADOS DA ARCELORMITTAL NO BRASIL;2025;3T2025;-140310.0
17670901000193;CORPORE ADMINISTRADORA DE BENEFICIOS DA SAUDE LTDA;2025;1T2025;-7000.0
17689407000170;UNIMED JUIZ DE FORA COOPERATIVA DE TRABALHO MÉDICO LTDA;2025;1T2025;861.0
17689407000170;UNIMED JUIZ DE FORA COOPERATIVA DE TRABALHO MÉDICO LTDA;2025;2T2025;-693.0
17689407000170;UNIMED JUIZ DE FORA COOPERATIVA DE TRABALHO MÉDICO LTDA;2025;3T2025;6271590.0
17774738000109;UNIMED UBERABA COOPERATIVA DE TRABALHO MEDICO LTDA.;2025;1T2025;168.0
17774738000109;UNIMED UBERABA COOPERATIVA DE TRABALHO MEDICO LTDA.;2025;2T2025;95827.0
17774738000109;UNIMED UBERABA COOPERATIVA DE TRABALHO MEDICO LTDA.;2025;3T2025;1360552.0
17790718000121;UNIMED UBERLÂNDIA COOPERATIVA REGIONAL TRABALHO MÉDICO LTDA;2025;2T2025;8994.0
17845504000105;UNIMED VARGINHA COOPERATIVA DE TRABALHO MÉDICO;2025;1T2025;15510.0
17845504000105;UNIMED VARGINHA COOPERATIVA DE TRABALHO MÉDICO;2025;2T2025;24976.0
17845504000105;UNIMED VARGINHA COOPERATIVA DE TRABALHO MÉDICO;2025;3T2025;5024.0
18275071000162;POSTAL SAÚDE CAIXA DE ASSISTÊNCIA E SAÚDE DOS EMPREGADOS DOS CORREIOS;2025;1T2025;162952.0
18275071000162;POSTAL SAÚDE CAIXA DE ASSISTÊNCIA E SAÚDE DOS EMPREGADOS DOS CORREIOS;2025;2T2025;-153127.0
18275071000162;POSTAL SAÚDE CAIXA DE ASSISTÊNCIA E SAÚDE DOS EMPREGADOS DOS CORREIOS;2025;3T2025;2200.0
19304091000187;SORRIDEN CONVÊNIOS ODONTOLÓGICOS S.A.;2025;2T2025;594145.0
19304091000187;SORRIDEN CONVÊNIOS ODONTOLÓGICOS S.A.;2025;3T2025;-594145.0
19878404000100;FUNDAÇÃO SÃO FRANCISCO XAVIER;2025;2T2025;29554260.0
19878404000100;FUNDAÇÃO SÃO FRANCISCO XAVIER;2025;3T2025;16586691.0
20119509000165;FUNDAÇÃO LIBERTAS DE SEGURIDADE SOCIAL;2025;2T2025;2764.0
20119509000165;FUNDAÇÃO LIBERTAS DE SEGURIDADE SOCIAL;2025;3T2025;-2764.0
20160828000114;ASSOCIAÇÃO DOS SERVIDORES PÚBLICOS DA ADMINISTRAÇÃO DIRETA DO GOVERNO DO ESTADO DO PARÁ - ASPARÁ;2025;1T2025;840.0
20160828000114;ASSOCIAÇÃO DOS SERVIDORES PÚBLICOS DA ADMINISTRAÇÃO DIRETA DO GOVERNO DO ESTADO DO PARÁ - ASPARÁ;2025;2T2025;2240.0
20160828000114;ASSOCIAÇÃO DOS SERVIDORES PÚBLICOS DA ADMINISTRAÇÃO DIRETA DO GOVERNO DO ESTADO DO PARÁ - ASPARÁ;2025;3T2025;840.0
2018620000183;UNIMED DE CORUMBA COOPERATIVA DE TRABALHO MÉDICO;2025;2T2025;853773.0
2018620000183;UNIMED DE CORUMBA COOPERATIVA DE TRABALHO MÉDICO;2025;3T2025;-853023.0
2030246000131;ASSOCIAÇÃO BENEFICENTE DE ASSISTÊNCIA A SAÚDE DOS JUÍZES DO TRABALHO DA 15ª REGIÃO (ABAS 15);2025;3T2025;20000.0
20320487000105;AGROS - INSTITUTO UFV DE SEGURIDADE SOCIAL;2025;3T2025;2016648.0
20909271000171;UNIMED ARAGUARI COOPERATIVA DE TRABALHO MÉDICO ;2025;1T2025;56813.0
20909271000171;UNIMED ARAGUARI COOPERATIVA DE TRABALHO MÉDICO ;2025;2T2025;14849.0
20909271000171;UNIMED ARAGUARI COOPERATIVA DE TRABALHO MÉDICO ;2025;3T2025;43419.0
20918393000124;OPERADORA DE PLANOS PRIVADOS DE SAÚDE - SANTA CASA SAÚDE LTDA;2025;1T2025;16142.0
20918393000124;OPERADORA DE PLANOS PRIVADOS DE SAÚDE - SANTA CASA SAÚDE LTDA;2025;2T2025;-5857.0
20918393000124;OPERADORA DE PLANOS PRIVADOS DE SAÚDE - SANTA CASA SAÚDE LTDA;2025;3T2025;2051.0
20946877000187;AMPARA ASSISTÊNCIA MÉDICA PARAÍSO LTDA;2025;1T2025;14850.0
20946877000187;AMPARA ASSISTÊNCIA MÉDICA PARAÍSO LTDA;2025;2T2025;6300.0
20946877000187;AMPARA ASSISTÊNCIA MÉDICA PARAÍSO LTDA;2025;3T2025;6850.0
21490586000190;COOPERATIVA DE TRABALHO MÉDICO DE POUSO ALEGRE;2025;1T2025;6494.0
21490586000190;COOPERATIVA DE TRABALHO MÉDICO DE POUSO ALEGRE;2025;2T2025;997139.0
21490586000190;COOPERATIVA DE TRABALHO MÉDICO DE POUSO ALEGRE;2025;3T2025;-955564.0
21575709000195;SANTA CASA DE MISERICÓRDIA DE JUIZ DE FORA;2025;1T2025;573481.0
21575709000195;SANTA CASA DE MISERICÓRDIA DE JUIZ DE FORA;2025;2T2025;940464.0
21575709000195;SANTA CASA DE MISERICÓRDIA DE JUIZ DE FORA;2025;3T2025;-1513945.0
21839519000138;UNIMED CONSELHEIRO LAFAIETE COOPERATIVA DE TRABALHO MÉDICO LTDA;2025;1T2025;10390.0
21839519000138;UNIMED CONSELHEIRO LAFAIETE COOPERATIVA DE TRABALHO MÉDICO LTDA;2025;2T2025;10679.0
21839519000138;UNIMED CONSELHEIRO LAFAIETE COOPERATIVA DE TRABALHO MÉDICO LTDA;2025;3T2025;14179590.0
2192677000102;UNIMED MORRINHOS COOPERATIVA DE TRABALHO MEDICO;2025;1T2025;71903.0
2192677000102;UNIMED MORRINHOS COOPERATIVA DE TRABALHO MEDICO;2025;2T2025;-71903.0
22027346000116;PLANO DE ASSISTÊNCIA MÉDICA MINEIRA LTDA;2025;1T2025;75283.0
22027346000116;PLANO DE ASSISTÊNCIA MÉDICA MINEIRA LTDA;2025;2T2025;-75283.0
22263081000155;HOSPITAL CESAR LEITE;2025;1T2025;4500.0
22263081000155;HOSPITAL CESAR LEITE;2025;2T2025;4490.0
22263081000155;HOSPITAL CESAR LEITE;2025;3T2025;-1190.0
2248344000140;UNIMED FRUTAL COOPERATIVA DE TRABALHO MEDICO LTDA;2025;1T2025;1230.0
2248344000140;UNIMED FRUTAL COOPERATIVA DE TRABALHO MEDICO LTDA;2025;2T2025;660.0
2248344000140;UNIMED FRUTAL COOPERATIVA DE TRABALHO MEDICO LTDA;2025;3T2025;47680.0
2254846000183;COOPERATIVA ODONTOLÓGICA DO ESTADO DO AMAPÁ;2025;2T2025;253947.0
2254846000183;COOPERATIVA ODONTOLÓGICA DO ESTADO DO AMAPÁ;2025;3T2025;-253947.0
22666341000133;PRONTOCLINICA E HOSPITAIS SAO LUCAS S/A;2025;1T2025;74849.0
22666341000133;PRONTOCLINICA E HOSPITAIS SAO LUCAS S/A;2025;2T2025;-1938.0
22666341000133;PRONTOCLINICA E HOSPITAIS SAO LUCAS S/A;2025;3T2025;-51121.0
22709109000135;BENEFICENCIA SOCIAL BOM SAMARITANO;2025;1T2025;15788.0
22709109000135;BENEFICENCIA SOCIAL BOM SAMARITANO;2025;2T2025;-10788.0
22709109000135;BENEFICENCIA SOCIAL BOM SAMARITANO;2025;3T2025;4670.0
22720791000167;UNIMED INCONFIDENTES COOPERATIVA DE TRABALHO MÉDICO LTDA.;2025;1T2025;23645.0
22720791000167;UNIMED INCONFIDENTES COOPERATIVA DE TRABALHO MÉDICO LTDA.;2025;2T2025;25590.0
22720791000167;UNIMED INCONFIDENTES COOPERATIVA DE TRABALHO MÉDICO LTDA.;2025;3T2025;12250.0
2315431000172;CAIXA DE ASSISTÊNCIA DOS EMPREGADOS DO BANCO DO ESTADO DO RIO GRANDE DO SUL;2025;1T2025;923445.0
2315431000172;CAIXA DE ASSISTÊNCIA DOS EMPREGADOS DO BANCO DO ESTADO DO RIO GRANDE DO SUL;2025;2T2025;-923445.0
2322043000119;UNIMED REGIONAL JAU - COOPERATIVA DE TRABALHO MÉDICO;2025;1T2025;36068.0
2322043000119;UNIMED REGIONAL JAU - COOPERATIVA DE TRABALHO MÉDICO;2025;2T2025;10827.0
2322043000119;UNIMED REGIONAL JAU - COOPERATIVA DE TRABALHO MÉDICO;2025;3T2025;-15394.0
23278898000160;IRMANDADE DA SANTA CASA DE MISERICÓRDIA DE PASSOS;2025;1T2025;114370.0
23278898000160;IRMANDADE DA SANTA CASA DE MISERICÓRDIA DE PASSOS;2025;2T2025;-95655.0
23278898000160;IRMANDADE DA SANTA CASA DE MISERICÓRDIA DE PASSOS;2025;3T2025;25481.0
2338268000163;UNIODONTO DE SC COOPERATIVA ADMINISTRADORA DE CONTRATOS;2025;1T2025;8615.0
2338268000163;UNIODONTO DE SC COOPERATIVA ADMINISTRADORA DE CONTRATOS;2025;2T2025;-8615.0
23557177000199;ASSOCIAÇÃO UNIVIDA SANTA RITA DO PASSA QUATRO;2025;1T2025;32560.0
23557177000199;ASSOCIAÇÃO UNIVIDA SANTA RITA DO PASSA QUATRO;2025;2T2025;-23665.0
23557177000199;ASSOCIAÇÃO UNIVIDA SANTA RITA DO PASSA QUATRO;2025;3T2025;-6360.0
23802218000165;UNIMED ITAJUBA COOPERATIVA DE TRABALHO MEDICO;2025;1T2025;960.0
23802218000165;UNIMED ITAJUBA COOPERATIVA DE TRABALHO MEDICO;2025;2T2025;400.0
23802218000165;UNIMED ITAJUBA COOPERATIVA DE TRABALHO MEDICO;2025;3T2025;750751.0
23869306000184;ASSOCIAÇÃO PADRE ALBINO SAÚDE;2025;2T2025;115174.0
23869306000184;ASSOCIAÇÃO PADRE ALBINO SAÚDE;2025;3T2025;-115174.0
2403281000159;SAMP ESPIRITO SANTO ASSISTENCIA MEDICA SA;2025;1T2025;320.0
2403281000159;SAMP ESPIRITO SANTO ASSISTENCIA MEDICA SA;2025;2T2025;180.0
2403281000159;SAMP ESPIRITO SANTO ASSISTENCIA MEDICA SA;2025;3T2025;53342587.0
24243925000121;UNIODONTO MACEIÓ COOPERATIVA ODONTOLÓGICA;2025;1T2025;4734095.0
24243925000121;UNIODONTO MACEIÓ COOPERATIVA ODONTOLÓGICA;2025;2T2025;-4734095.0
24294787000100;UNIMED SOUSA - COOPERATIVA DE TRABALHO MÉDICO;2025;2T2025;30958.0
24294787000100;UNIMED SOUSA - COOPERATIVA DE TRABALHO MÉDICO;2025;3T2025;-30958.0
24449225000198;UNIMED CARUARU-COOPERATIVA DE TRABALHO MEDICO;2025;1T2025;33150.0
24449225000198;UNIMED CARUARU-COOPERATIVA DE TRABALHO MEDICO;2025;2T2025;7100.0
24449225000198;UNIMED CARUARU-COOPERATIVA DE TRABALHO MEDICO;2025;3T2025;-16290.0
24645912000189;PLANO DE SAÚDE DA SANTA CASA DE BRAGANÇA PAULISTA;2025;1T2025;147200.0
24645912000189;PLANO DE SAÚDE DA SANTA CASA DE BRAGANÇA PAULISTA;2025;2T2025;-147200.0
24676884000167;UNIMED RONDONOPOLIS COOPERATIVA DE TRABALHO MÉDICO LTDA;2025;1T2025;500.0
24676884000167;UNIMED RONDONOPOLIS COOPERATIVA DE TRABALHO MÉDICO LTDA;2025;2T2025;5135111.0
24676884000167;UNIMED RONDONOPOLIS COOPERATIVA DE TRABALHO MÉDICO LTDA;2025;3T2025;2444374.0
2476067000122;UNIMED GOIANIA COOPERATIVA DE TRABALHO MÉDICO;2025;1T2025;2050.0
2476067000122;UNIMED GOIANIA COOPERATIVA DE TRABALHO MÉDICO;2025;2T2025;3100.0
2476067000122;UNIMED GOIANIA COOPERATIVA DE TRABALHO MÉDICO;2025;3T2025;5733.0
25064148000110;COOPERATIVA DE TRABALHO MEDICO DE ARAGUAÍNA - UNIMED ARAGUAÍNA;2025;1T2025;1969988.0
25064148000110;COOPERATIVA DE TRABALHO MEDICO DE ARAGUAÍNA - UNIMED ARAGUAÍNA;2025;2T2025;-407503.0
25064148000110;COOPERATIVA DE TRABALHO MEDICO DE ARAGUAÍNA - UNIMED ARAGUAÍNA;2025;3T2025;-1449339.0
2513939000185;PLANO ASSISTENCIAL SÃO LUCAS LTDA;2025;2T2025;2540.0
2513939000185;PLANO ASSISTENCIAL SÃO LUCAS LTDA;2025;3T2025;1185.0
25250820000162;UNIMED DIVINOPOLIS - COOPERATIVA DE TRABALHO MEDICO LTDA;2025;1T2025;1566826.0
25250820000162;UNIMED DIVINOPOLIS - COOPERATIVA DE TRABALHO MEDICO LTDA;2025;2T2025;-1553026.0
25250820000162;UNIMED DIVINOPOLIS - COOPERATIVA DE TRABALHO MEDICO LTDA;2025;3T2025;123006.0
25471574000179;UNIMED SÃO LOURENÇO COOPERATIVA DE TRABALHO MÉDICO;2025;1T2025;244.0
25471574000179;UNIMED SÃO LOURENÇO COOPERATIVA DE TRABALHO MÉDICO;2025;2T2025;-244.0
25471574000179;UNIMED SÃO LOURENÇO COOPERATIVA DE TRABALHO MÉDICO;2025;3T2025;71871.0
25686544000180;UNIMED DE UBA COOPERATIVA DE TRABALHO MEDICO;2025;1T2025;17181.0
25686544000180;UNIMED DE UBA COOPERATIVA DE TRABALHO MEDICO;2025;2T2025;1528716.0
25686544000180;UNIMED DE UBA COOPERATIVA DE TRABALHO MEDICO;2025;3T2025;-1538821.0
2580965000126;UNIODONTO ESPIRITO SANTO COOPERATIVA ODONTOLOGICA;2025;3T2025;2917403.0
25810946000144;UNIMED BARBACENA - COOPERATIVA DE TRABALHO MÉDICO LTDA;2025;1T2025;700.0
25810946000144;UNIMED BARBACENA - COOPERATIVA DE TRABALHO MÉDICO LTDA;2025;3T2025;6981342.0
25906728000108;COOPERATIVA DE TRABALHO ODONTOLOGICO - UNIODONTO ITAJUBÁ;2025;1T2025;445394.0
25906728000108;COOPERATIVA DE TRABALHO ODONTOLOGICO - UNIODONTO ITAJUBÁ;2025;2T2025;-445394.0
25910449000118;UNIMED ARAXÁ COOPERATIVA DE TRABALHO MÉDICO LTDA.;2025;3T2025;1201968.0
2597394000132;UNIMED VALE DO SEPOTUBA - COOPERATIVA DE TRABALHO MÉDICO;2025;1T2025;310913.0
2597394000132;UNIMED VALE DO SEPOTUBA - COOPERATIVA DE TRABALHO MÉDICO;2025;2T2025;-196774.0
2597394000132;UNIMED VALE DO SEPOTUBA - COOPERATIVA DE TRABALHO MÉDICO;2025;3T2025;-18861.0
26150979000178;FUNDAÇÃO FILANTRÓPICA E BENEFICENTE DE SAÚDE ARNALDO GAVAZZA FILHO;2025;1T2025;37428.0
26150979000178;FUNDAÇÃO FILANTRÓPICA E BENEFICENTE DE SAÚDE ARNALDO GAVAZZA FILHO;2025;2T2025;-26205.0
26150979000178;FUNDAÇÃO FILANTRÓPICA E BENEFICENTE DE SAÚDE ARNALDO GAVAZZA FILHO;2025;3T2025;5580.0
26189530000113;UNIMED CURVELO COOPERATIVA DE TRABALHO MÉDICO LTDA.;2025;1T2025;2467.0
26189530000113;UNIMED CURVELO COOPERATIVA DE TRABALHO MÉDICO LTDA.;2025;2T2025;24.0
26189530000113;UNIMED CURVELO COOPERATIVA DE TRABALHO MÉDICO LTDA.;2025;3T2025;922.0
262338000111;UNIMED DE ADAMANTINA-COOPERATIVA DE TRABALHO MÉDICO;2025;1T2025;6268.0
262338000111;UNIMED DE ADAMANTINA-COOPERATIVA DE TRABALHO MÉDICO;2025;2T2025;14080.0
262338000111;UNIMED DE ADAMANTINA-COOPERATIVA DE TRABALHO MÉDICO;2025;3T2025;163381.0
26291484000169;UNIMED GUAXUPÉ COOPERATIVA DE TRABALHO MEDICO;2025;1T2025;1112.0
26291484000169;UNIMED GUAXUPÉ COOPERATIVA DE TRABALHO MEDICO;2025;2T2025;-868.0
26291484000169;UNIMED GUAXUPÉ COOPERATIVA DE TRABALHO MEDICO;2025;3T2025;5619590.0
26368613000170;UNIMED CARATINGA - COOPERATIVA DE TRABALHO MÉDICO LTDA;2025;1T2025;122.0
26368613000170;UNIMED CARATINGA - COOPERATIVA DE TRABALHO MÉDICO LTDA;2025;2T2025;-122.0
26629238000174;UNIMED ANÁPOLIS COOPERATIVA DE TRABALHO MÉDICO.;2025;1T2025;150289.0
26629238000174;UNIMED ANÁPOLIS COOPERATIVA DE TRABALHO MÉDICO.;2025;2T2025;56653.0
26629238000174;UNIMED ANÁPOLIS COOPERATIVA DE TRABALHO MÉDICO.;2025;3T2025;-153612.0
2668512000156;H.B. SAÚDE S/A.;2025;1T2025;331815.0
2668512000156;H.B. SAÚDE S/A.;2025;2T2025;-157761.0
2668512000156;H.B. SAÚDE S/A.;2025;3T2025;54787.0
2687852000124;UNIMED DE ANDRADINA - COOPERATIVA DE TRABALHO MÉDICO;2025;1T2025;9670.0
2687852000124;UNIMED DE ANDRADINA - COOPERATIVA DE TRABALHO MÉDICO;2025;2T2025;6180.0
2687852000124;UNIMED DE ANDRADINA - COOPERATIVA DE TRABALHO MÉDICO;2025;3T2025;7285.0
27452545000195;2CARE OPERADORA DE SAÚDE LTDA.;2025;1T2025;46616.0
27452545000195;2CARE OPERADORA DE SAÚDE LTDA.;2025;2T2025;-46616.0
2752923000125;PROASA SAÚDE;2025;1T2025;3460.0
2752923000125;PROASA SAÚDE;2025;2T2025;-2600.0
2752923000125;PROASA SAÚDE;2025;3T2025;-860.0
27578434000120;UNIMED VITORIA COOPERATIVA DE TRABALHO MEDICO;2025;2T2025;1350.0
27578434000120;UNIMED VITORIA COOPERATIVA DE TRABALHO MEDICO;2025;3T2025;1900.0
2774736000142;OPERADORA UNIESTE DE PLANOS DE SAÚDE LTDA;2025;1T2025;2663900.0
2774736000142;OPERADORA UNIESTE DE PLANOS DE SAÚDE LTDA;2025;2T2025;-2663900.0
2812468000106;UNIMED NACIONAL - COOPERATIVA CENTRAL;2025;1T2025;8714622.0
2812468000106;UNIMED NACIONAL - COOPERATIVA CENTRAL;2025;2T2025;-8681522.0
2812468000106;UNIMED NACIONAL - COOPERATIVA CENTRAL;2025;3T2025;80753991.0
2849393000138;BENSAUDE PLANO DE ASSISTENCIA MEDICA HOSPITALAR LTDA.;2025;1T2025;3480.0
2849393000138;BENSAUDE PLANO DE ASSISTENCIA MEDICA HOSPITALAR LTDA.;2025;2T2025;5220.0
2849393000138;BENSAUDE PLANO DE ASSISTENCIA MEDICA HOSPITALAR LTDA.;2025;3T2025;-8200.0
28502128000172;CAIXA DE ASSISTÊNCIA DOS EMPREGADOS DO SISTEMA FINANCEIRO BANESTES;2025;1T2025;114960.0
28502128000172;CAIXA DE ASSISTÊNCIA DOS EMPREGADOS DO SISTEMA FINANCEIRO BANESTES;2025;2T2025;121371.0
28502128000172;CAIXA DE ASSISTÊNCIA DOS EMPREGADOS DO SISTEMA FINANCEIRO BANESTES;2025;3T2025;126873.0
28630531000187;UNIMED-SÃO GONÇALO - NITERÓI - SOC.COOP.SERV.MED E HOSP LTDA;2025;1T2025;20713620.0
28630531000187;UNIMED-SÃO GONÇALO - NITERÓI - SOC.COOP.SERV.MED E HOSP LTDA;2025;2T2025;14355728.0
28630531000187;UNIMED-SÃO GONÇALO - NITERÓI - SOC.COOP.SERV.MED E HOSP LTDA;2025;3T2025;-35068968.0
2864364000145;PLANO DE SAÚDE ANA COSTA LTDA.;2025;1T2025;226387.0
2864364000145;PLANO DE SAÚDE ANA COSTA LTDA.;2025;2T2025;227921.0
2864364000145;PLANO DE SAÚDE ANA COSTA LTDA.;2025;3T2025;-454308.0
2866602000151;SUL AMÉRICA PARANÁ CLÍNICAS SERVIÇOS DE SAÚDE S.A.;2025;2T2025;3710.0
2866602000151;SUL AMÉRICA PARANÁ CLÍNICAS SERVIÇOS DE SAÚDE S.A.;2025;3T2025;10827.0
28714533000154;UNIMED NOVA IGUACU COOPERATIVA DE TRABALHO MEDICO;2025;2T2025;2806652.0
28714533000154;UNIMED NOVA IGUACU COOPERATIVA DE TRABALHO MEDICO;2025;3T2025;11438761.0
28806545000109;UNIMED PETROPOLIS-RJ COOPERATIVA DE TRABALHO MÉDICO;2025;1T2025;1854.0
28806545000109;UNIMED PETROPOLIS-RJ COOPERATIVA DE TRABALHO MÉDICO;2025;2T2025;-1854.0
2888465000156;OPERADORA UNICENTRAL DE PLANOS DE SAÚDE LTDA.;2025;1T2025;1920.0
2888465000156;OPERADORA UNICENTRAL DE PLANOS DE SAÚDE LTDA.;2025;2T2025;1920.0
29135795000127;UNIMED NOVA FRIBURGO-SOC.COOP.SERV.MED.HOSP.LTDA.;2025;1T2025;7505870.0
29135795000127;UNIMED NOVA FRIBURGO-SOC.COOP.SERV.MED.HOSP.LTDA.;2025;2T2025;-7432598.0
29135795000127;UNIMED NOVA FRIBURGO-SOC.COOP.SERV.MED.HOSP.LTDA.;2025;3T2025;3935935.0
29290152000158;UNIMED DE BARRA MANSA SOC. COOP. SERV.MED.E HOSPIT.;2025;1T2025;9745.0
29290152000158;UNIMED DE BARRA MANSA SOC. COOP. SERV.MED.E HOSPIT.;2025;2T2025;374377.0
29290152000158;UNIMED DE BARRA MANSA SOC. COOP. SERV.MED.E HOSPIT.;2025;3T2025;-315709.0
29309127000179;AMIL ASSISTÊNCIA MÉDICA INTERNACIONAL S.A.;2025;1T2025;26776.0
29309127000179;AMIL ASSISTÊNCIA MÉDICA INTERNACIONAL S.A.;2025;2T2025;1238177.0
29309127000179;AMIL ASSISTÊNCIA MÉDICA INTERNACIONAL S.A.;2025;3T2025;-1259653.0
29640612000120;CONFERÊNCIA SÃO JOSÉ DO AVAÍ;2025;1T2025;-4571.0
29640612000120;CONFERÊNCIA SÃO JOSÉ DO AVAÍ;2025;2T2025;5897261.0
29640612000120;CONFERÊNCIA SÃO JOSÉ DO AVAÍ;2025;3T2025;-5892690.0
29780384000194;HSMED SAUDE LTDA;2025;2T2025;611356.0
29780384000194;HSMED SAUDE LTDA;2025;3T2025;-611356.0
2989632000155;EVANGELICO SAUDE LTDA.;2025;1T2025;4058258.0
2989632000155;EVANGELICO SAUDE LTDA.;2025;2T2025;-4053958.0
2989632000155;EVANGELICO SAUDE LTDA.;2025;3T2025;10600.0
29910807000143;RIO DOCE SAÚDE;2025;1T2025;955.0
29910807000143;RIO DOCE SAÚDE;2025;2T2025;350.0
29910807000143;RIO DOCE SAÚDE;2025;3T2025;5118.0
299149000113;ASSOCIAÇÃO DOS FUNCIONÁRIOS DO FISCO DO ESTADO DE GOIÁS;2025;2T2025;24131327.0
299149000113;ASSOCIAÇÃO DOS FUNCIONÁRIOS DO FISCO DO ESTADO DE GOIÁS;2025;3T2025;-24131327.0
3013779000178;ANGELI SISTEMAS DE SAUDE S.A.;2025;1T2025;1470.0
3013779000178;ANGELI SISTEMAS DE SAUDE S.A.;2025;2T2025;-1070.0
3013779000178;ANGELI SISTEMAS DE SAUDE S.A.;2025;3T2025;1638.0
304148000110;FUNDAÇÃO DE SAÚDE ITAIGUAPY;2025;1T2025;1800.0
304148000110;FUNDAÇÃO DE SAÚDE ITAIGUAPY;2025;2T2025;26130.0
304148000110;FUNDAÇÃO DE SAÚDE ITAIGUAPY;2025;3T2025;7870.0
30417661000188;UNIMED NORTE FLUMINENSE COOPERATIVA DE TRABALHO MEDICO;2025;3T2025;204406.0
3123146000112;BIO SAÚDE SERVIÇOS MÉDICOS LTDA;2025;3T2025;19200.0
31466949000105;SAMEDIL SERVIÇOS DE ATENDIMENTO MÉDICO S/A;2025;1T2025;7180.0
31466949000105;SAMEDIL SERVIÇOS DE ATENDIMENTO MÉDICO S/A;2025;3T2025;850.0
31763326000102;EXCELÊNCIA PLANO DE SAÚDE S/A;2025;2T2025;8120.0
31763326000102;EXCELÊNCIA PLANO DE SAÚDE S/A;2025;3T2025;-8120.0
3187913000157;ODONTOART PLANOS ODONTOLÓGICOS LTDA;2025;2T2025;2425.0
31925548000176;GRUPO HOSPITALAR DO RIO DE JANEIRO LTDA;2025;2T2025;6889681.0
31925548000176;GRUPO HOSPITALAR DO RIO DE JANEIRO LTDA;2025;3T2025;-6885581.0
3219363000100;SEPACO SAÚDE LTDA;2025;3T2025;3928562.0
32440968000125;UNIMED SUL CAPIXABA COOPERATIVA DE TRABALHO MÉDICO;2025;1T2025;1405241.0
32440968000125;UNIMED SUL CAPIXABA COOPERATIVA DE TRABALHO MÉDICO;2025;2T2025;1191554.0
32440968000125;UNIMED SUL CAPIXABA COOPERATIVA DE TRABALHO MÉDICO;2025;3T2025;-2596795.0
3315918000118;UNIMED CAMPO GRANDE MS COOPERATIVA DE TRABALHO MÉDICO;2025;1T2025;143100.0
3315918000118;UNIMED CAMPO GRANDE MS COOPERATIVA DE TRABALHO MÉDICO;2025;2T2025;356880.0
3315918000118;UNIMED CAMPO GRANDE MS COOPERATIVA DE TRABALHO MÉDICO;2025;3T2025;-70680.0
33721226000130;SAMOC S.A. - SOCIEDADE ASSISTENCIAL MÉDICA E ODONTO CIRÚRGICA;2025;1T2025;1640.0
33721226000130;SAMOC S.A. - SOCIEDADE ASSISTENCIAL MÉDICA E ODONTO CIRÚRGICA;2025;2T2025;905.0
33721226000130;SAMOC S.A. - SOCIEDADE ASSISTENCIAL MÉDICA E ODONTO CIRÚRGICA;2025;3T2025;718721.0
338763000147;PLENA SAÚDE S.A.;2025;2T2025;835.0
34011288000111;ASSOCIAÇÃO DOS AUDITORES FISCAIS DA RECEITA ESTADUAL DO RIO DE JANEIRO;2025;1T2025;16800.0
34011288000111;ASSOCIAÇÃO DOS AUDITORES FISCAIS DA RECEITA ESTADUAL DO RIO DE JANEIRO;2025;2T2025;64400.0
34011288000111;ASSOCIAÇÃO DOS AUDITORES FISCAIS DA RECEITA ESTADUAL DO RIO DE JANEIRO;2025;3T2025;42700.0
342481000113;UNIMED CALDAS NOVAS - COOPERATIVA DE TRABALHO MEDICO;2025;1T2025;130.0
342481000113;UNIMED CALDAS NOVAS - COOPERATIVA DE TRABALHO MEDICO;2025;2T2025;-130.0
34269803000168;REAL GRANDEZA - FUNDAÇÃO DE PREVIDÊNCIA E ASSISTÊNCIA SOCIAL;2025;1T2025;51066.0
34269803000168;REAL GRANDEZA - FUNDAÇÃO DE PREVIDÊNCIA E ASSISTÊNCIA SOCIAL;2025;2T2025;-51066.0
34844263000107;ELETROS SAÚDE - ASSOCIAÇÃO DE ASSISTÊNCIA À SAÚDE;2025;3T2025;8355909.0
3533726000188;UNIMED CUIABA COOPERATIVA DE TRABALHO MÉDICO;2025;1T2025;1300.0
3533726000188;UNIMED CUIABA COOPERATIVA DE TRABALHO MÉDICO;2025;2T2025;3050.0
3533726000188;UNIMED CUIABA COOPERATIVA DE TRABALHO MÉDICO;2025;3T2025;2850.0
3548273000163;MEDIC GLOBAL PLANOS DE SAÚDE LTDA.;2025;1T2025;2550.0
3548273000163;MEDIC GLOBAL PLANOS DE SAÚDE LTDA.;2025;2T2025;-2550.0
35617257000171;CAIXA DE ASSISTÊNCIA DOS MAGISTRADOS DE PERNAMBUCO;2025;1T2025;190.0
35617257000171;CAIXA DE ASSISTÊNCIA DOS MAGISTRADOS DE PERNAMBUCO;2025;2T2025;900.0
35617257000171;CAIXA DE ASSISTÊNCIA DOS MAGISTRADOS DE PERNAMBUCO;2025;3T2025;2145.0
35642768000143;UNIMED METROPOLITANA DO AGRESTE - COOPERATIVA DE TRABALHO MÉDICO;2025;1T2025;179682.0
35642768000143;UNIMED METROPOLITANA DO AGRESTE - COOPERATIVA DE TRABALHO MÉDICO;2025;2T2025;8039138.0
35642768000143;UNIMED METROPOLITANA DO AGRESTE - COOPERATIVA DE TRABALHO MÉDICO;2025;3T2025;-7884661.0
35830868000101;UNIMED DE MACAÉ COOPERATIVA DE ASSISTÊNCIA À SAÚDE;2025;1T2025;1243546.0
35830868000101;UNIMED DE MACAÉ COOPERATIVA DE ASSISTÊNCIA À SAÚDE;2025;2T2025;-1154866.0
35830868000101;UNIMED DE MACAÉ COOPERATIVA DE ASSISTÊNCIA À SAÚDE;2025;3T2025;-26462.0
35917970000130;UNIMED DE VOLTA REDONDA COOPERATIVA DE TRABALHO MÉDICO;2025;2T2025;636586.0
35917970000130;UNIMED DE VOLTA REDONDA COOPERATIVA DE TRABALHO MÉDICO;2025;3T2025;-636586.0
35988963000120;UNIMED NORTE CAPIXABA- COOPERATIVA DE TRABALHO MÉDICO;2025;1T2025;12672.0
35988963000120;UNIMED NORTE CAPIXABA- COOPERATIVA DE TRABALHO MÉDICO;2025;2T2025;-11972.0
35988963000120;UNIMED NORTE CAPIXABA- COOPERATIVA DE TRABALHO MÉDICO;2025;3T2025;8610546.0
361325000108;HUMANA SAÚDE NORDESTE LTDA. ;2025;1T2025;1010.0
361325000108;HUMANA SAÚDE NORDESTE LTDA. ;2025;2T2025;1143.0
361325000108;HUMANA SAÚDE NORDESTE LTDA. ;2025;3T2025;-443.0
3627391000167;SOCIEDADE DE ASSISTÊNCIA MÉDICA - SAMEISA;2025;3T2025;477729.0
3638220000133;PLANO DE SAUDE ASES LTDA.;2025;1T2025;19267.0
3638220000133;PLANO DE SAUDE ASES LTDA.;2025;2T2025;9920.0
3638220000133;PLANO DE SAUDE ASES LTDA.;2025;3T2025;-5745.0
36503186000149;LEVE SAUDE OPERADORA DE PLANOS DE SAUDE S.A;2025;1T2025;15320.0
36503186000149;LEVE SAUDE OPERADORA DE PLANOS DE SAUDE S.A;2025;2T2025;21418.0
36503186000149;LEVE SAUDE OPERADORA DE PLANOS DE SAUDE S.A;2025;3T2025;28900.0
36540979000138;UNIMED COSTA VERDE RJ;2025;1T2025;3799.0
36540979000138;UNIMED COSTA VERDE RJ;2025;2T2025;-3799.0
3658432000182;GEAP AUTOGESTÃO EM SAÚDE;2025;1T2025;3750.0
3658432000182;GEAP AUTOGESTÃO EM SAÚDE;2025;2T2025;17570.0
3658432000182;GEAP AUTOGESTÃO EM SAÚDE;2025;3T2025;-14200.0
366982000130;CENTRAL REGIONAL DAS COOPERATIVAS MÉDICAS - UNIMED CERRADO;2025;1T2025;30215.0
366982000130;CENTRAL REGIONAL DAS COOPERATIVAS MÉDICAS - UNIMED CERRADO;2025;2T2025;119785.0
366982000130;CENTRAL REGIONAL DAS COOPERATIVAS MÉDICAS - UNIMED CERRADO;2025;3T2025;9000.0
368318000120;UNIMED MARQUES DE VALENÇA COOPERATIVA DE TRABALHO MÉDICO LTDA.;2025;3T2025;3143386.0
37020290000145;TRINO - ALIANCA FILANTRÓPICA DE ASSISTÊNCIA E INTEGRAÇÃO PARA O DESENVOLVIMENTO DA SAUDE;2025;2T2025;88775.0
37275625000176;UNIMED RIO VERDE COOPERATIVA TRABALHO MEDICO;2025;1T2025;12600.0
37275625000176;UNIMED RIO VERDE COOPERATIVA TRABALHO MEDICO;2025;2T2025;16790.0
37275625000176;UNIMED RIO VERDE COOPERATIVA TRABALHO MEDICO;2025;3T2025;12460.0
37313475000148;UNIMED PALMAS COOPERATIVA DE TRABALHO MÉDICO;2025;1T2025;1220512.0
37313475000148;UNIMED PALMAS COOPERATIVA DE TRABALHO MÉDICO;2025;2T2025;5283030.0
37313475000148;UNIMED PALMAS COOPERATIVA DE TRABALHO MÉDICO;2025;3T2025;-6495546.0
37319040000100;VOCÊ TOTAL PLANOS DE SAÚDE LIMITADA;2025;2T2025;-2580.0
37319040000100;VOCÊ TOTAL PLANOS DE SAÚDE LIMITADA;2025;3T2025;-50.0
37436920000167;UNIMED BARRA DO GARÇAS - COOPERATIVA DE TRABALHO MÉDICO;2025;1T2025;360.0
37436920000167;UNIMED BARRA DO GARÇAS - COOPERATIVA DE TRABALHO MÉDICO;2025;2T2025;4246183.0
37436920000167;UNIMED BARRA DO GARÇAS - COOPERATIVA DE TRABALHO MÉDICO;2025;3T2025;-4246543.0
37652765000116;UNIMED DE JATAÍ COOPERATIVA DE TRABALHO MÉDICO LTDA.;2025;1T2025;109785.0
37652765000116;UNIMED DE JATAÍ COOPERATIVA DE TRABALHO MÉDICO LTDA.;2025;2T2025;-109785.0
37652765000116;UNIMED DE JATAÍ COOPERATIVA DE TRABALHO MÉDICO LTDA.;2025;3T2025;721976.0
37880952000157;VIVACOM PLANOS DE SAÚDE;2025;1T2025;4295.0
37880952000157;VIVACOM PLANOS DE SAÚDE;2025;2T2025;-4295.0
37898335000189;UNIMED DE MINEIROS COOPERATIVA DE TRABALHO MÉDICO ;2025;1T2025;3470476.0
37898335000189;UNIMED DE MINEIROS COOPERATIVA DE TRABALHO MÉDICO ;2025;2T2025;-3461432.0
37898335000189;UNIMED DE MINEIROS COOPERATIVA DE TRABALHO MÉDICO ;2025;3T2025;2237954.0
381694000154;UNIMED ALTO VALE - COOPERATIVA DE TRABALHO MÉDICO;2025;1T2025;418952.0
381694000154;UNIMED ALTO VALE - COOPERATIVA DE TRABALHO MÉDICO;2025;2T2025;-240109.0
381694000154;UNIMED ALTO VALE - COOPERATIVA DE TRABALHO MÉDICO;2025;3T2025;31838.0
38272479000198;PB ASSISTENCIA MEDICA EU LTDA;2025;1T2025;142073.0
38272479000198;PB ASSISTENCIA MEDICA EU LTDA;2025;2T2025;155498.0
38272479000198;PB ASSISTENCIA MEDICA EU LTDA;2025;3T2025;128030.0
38499547000156;UNIMED PATOS DE MINAS COOPERATIVA TRABALHO MÉDICO LTDA.;2025;1T2025;5489.0
38499547000156;UNIMED PATOS DE MINAS COOPERATIVA TRABALHO MÉDICO LTDA.;2025;2T2025;20227.0
38499547000156;UNIMED PATOS DE MINAS COOPERATIVA TRABALHO MÉDICO LTDA.;2025;3T2025;545629.0
39210844000100;UNIMED CENTRO SUL FLUMINENSE COOPERATIVA DE TRABALHO MÉDICO;2025;1T2025;4915.0
39210844000100;UNIMED CENTRO SUL FLUMINENSE COOPERATIVA DE TRABALHO MÉDICO;2025;2T2025;14967.0
39210844000100;UNIMED CENTRO SUL FLUMINENSE COOPERATIVA DE TRABALHO MÉDICO;2025;3T2025;-11394.0
39384664000137;UNIMED NOROESTE CAPIXABA COOPERATIVA DE TRABALHO MÉDICO.;2025;1T2025;200.0
39384664000137;UNIMED NOROESTE CAPIXABA COOPERATIVA DE TRABALHO MÉDICO.;2025;2T2025;135550.0
39384664000137;UNIMED NOROESTE CAPIXABA COOPERATIVA DE TRABALHO MÉDICO.;2025;3T2025;-135750.0
39419809000198;PASA - PLANO DE ASSISTENCIA A SAUDE DO APOSENTADO DA VALE;2025;1T2025;10293740.0
39419809000198;PASA - PLANO DE ASSISTENCIA A SAUDE DO APOSENTADO DA VALE;2025;2T2025;-10293740.0
3980208000102;UNIMED REGIONAL DE TRES LAGOAS COOPERATIVA DE TRABALHO MÉDICO;2025;1T2025;52621.0
3980208000102;UNIMED REGIONAL DE TRES LAGOAS COOPERATIVA DE TRABALHO MÉDICO;2025;2T2025;-31321.0
3980208000102;UNIMED REGIONAL DE TRES LAGOAS COOPERATIVA DE TRABALHO MÉDICO;2025;3T2025;60.0
4002216000147;SV SAUDE ADMINSTRADORES DE PLANO DE SAUDE LTDA;2025;1T2025;8480.0
4002216000147;SV SAUDE ADMINSTRADORES DE PLANO DE SAUDE LTDA;2025;2T2025;4160.0
4002216000147;SV SAUDE ADMINSTRADORES DE PLANO DE SAUDE LTDA;2025;3T2025;6960.0
40294225000112;UNIMED DE CAMPOS COOPERATIVA DE TRABALHO MÉDICO;2025;1T2025;24051.0
40294225000112;UNIMED DE CAMPOS COOPERATIVA DE TRABALHO MÉDICO;2025;2T2025;3512.0
40294225000112;UNIMED DE CAMPOS COOPERATIVA DE TRABALHO MÉDICO;2025;3T2025;23452.0
41248894000110;VIDA TOP MAIS SAÚDE OPERADORA DE PLANOS DE SAÚDE LTDA.;2025;2T2025;325656.0
41248894000110;VIDA TOP MAIS SAÚDE OPERADORA DE PLANOS DE SAÚDE LTDA.;2025;3T2025;-325206.0
41432461000110;TEMPO MED PLANO DE SAUDE LTDA;2025;2T2025;13976.0
41432461000110;TEMPO MED PLANO DE SAUDE LTDA;2025;3T2025;-13976.0
41511429000120;UNIMED REGIONAL DE FLORIANO - COOPERATIVA DE TRABALHO MÉDICO;2025;3T2025;871373.0
4165719000133;GS PLANO GLOBAL DE SAÚDE LTDA;2025;1T2025;9368.0
4165719000133;GS PLANO GLOBAL DE SAÚDE LTDA;2025;2T2025;1750.0
4165719000133;GS PLANO GLOBAL DE SAÚDE LTDA;2025;3T2025;-11118.0
41687179000184;UNIMED PATROCÍNIO COOPERATIVA DE TRABALHO MÉDICO LTDA.;2025;1T2025;1200.0
41687179000184;UNIMED PATROCÍNIO COOPERATIVA DE TRABALHO MÉDICO LTDA.;2025;2T2025;1500.0
41687179000184;UNIMED PATROCÍNIO COOPERATIVA DE TRABALHO MÉDICO LTDA.;2025;3T2025;-2700.0
41715325000138;ARL ADMINISTRADORA DE BENEFÍCIOS LTDA.;2025;2T2025;2840.0
41871989000196;UNIMED ITUIUTABA COOPERATIVA TRABALHO MÉDICO LTDA.;2025;1T2025;372758.0
41871989000196;UNIMED ITUIUTABA COOPERATIVA TRABALHO MÉDICO LTDA.;2025;2T2025;-330698.0
41871989000196;UNIMED ITUIUTABA COOPERATIVA TRABALHO MÉDICO LTDA.;2025;3T2025;4045.0
41905498000119;UNIMED NOROESTE DE MINAS COOPERATIVA DE TRABALHO MEDICO LTDA;2025;1T2025;18935.0
41905498000119;UNIMED NOROESTE DE MINAS COOPERATIVA DE TRABALHO MEDICO LTDA;2025;2T2025;23675.0
41905498000119;UNIMED NOROESTE DE MINAS COOPERATIVA DE TRABALHO MEDICO LTDA;2025;3T2025;90472.0
41929347000109;PRESERVE SAUDE ASSISTENCIA MEDICA LTDA;2025;1T2025;2824.0
41929347000109;PRESERVE SAUDE ASSISTENCIA MEDICA LTDA;2025;2T2025;12741.0
41929347000109;PRESERVE SAUDE ASSISTENCIA MEDICA LTDA;2025;3T2025;151986.0
4201372000137;UNIMED BELÉM COOPERATIVA DE TRABALHO MÉDICO;2025;1T2025;1408.0
4201372000137;UNIMED BELÉM COOPERATIVA DE TRABALHO MÉDICO;2025;3T2025;400.0
4202013000102;POLICLIN SAÚDE S/A.;2025;1T2025;9390.0
4202013000102;POLICLIN SAÚDE S/A.;2025;2T2025;8510.0
4202013000102;POLICLIN SAÚDE S/A.;2025;3T2025;8050.0
4204285000133;CAIXA DE ASSISTÊNCIA DOS FUNCIONÁRIOS DO BANCO DA AMAZÔNIA - CASF;2025;1T2025;18040.0
4204285000133;CAIXA DE ASSISTÊNCIA DOS FUNCIONÁRIOS DO BANCO DA AMAZÔNIA - CASF;2025;2T2025;9430.0
4204285000133;CAIXA DE ASSISTÊNCIA DOS FUNCIONÁRIOS DO BANCO DA AMAZÔNIA - CASF;2025;3T2025;2760.0
42043067000153;UNIMED EXTREMO SUL COOPERATIVA DE TRABALHO MÉDICO;2025;1T2025;37288.0
42043067000153;UNIMED EXTREMO SUL COOPERATIVA DE TRABALHO MÉDICO;2025;2T2025;-5928.0
42043067000153;UNIMED EXTREMO SUL COOPERATIVA DE TRABALHO MÉDICO;2025;3T2025;31360.0
42160192000143;FUNDAÇÃO CHESF DE ASSISTÊNCIA E SEGURIDADE SOCIAL;2025;1T2025;50000.0
42160192000143;FUNDAÇÃO CHESF DE ASSISTÊNCIA E SEGURIDADE SOCIAL;2025;2T2025;-50000.0
42182170000184;CAIXA DE ASSISTÊNCIA À SAÚDE - CABERJ;2025;1T2025;127009.0
42182170000184;CAIXA DE ASSISTÊNCIA À SAÚDE - CABERJ;2025;2T2025;-127009.0
42182170000184;CAIXA DE ASSISTÊNCIA À SAÚDE - CABERJ;2025;3T2025;63590153.0
4257073000114;AMEP FREGUESIA OPERADORA DE PLANO DE SAUDE LTDA;2025;1T2025;124040.0
4257073000114;AMEP FREGUESIA OPERADORA DE PLANO DE SAUDE LTDA;2025;2T2025;121026.0
4257073000114;AMEP FREGUESIA OPERADORA DE PLANO DE SAUDE LTDA;2025;3T2025;12831.0
42855999000109;UNIMED TRÊS CORAÇÕES COOPERATIVA DE TRABALHO MÉDICO LTDA.;2025;1T2025;360194.0
42855999000109;UNIMED TRÊS CORAÇÕES COOPERATIVA DE TRABALHO MÉDICO LTDA.;2025;2T2025;-359874.0
42855999000109;UNIMED TRÊS CORAÇÕES COOPERATIVA DE TRABALHO MÉDICO LTDA.;2025;3T2025;1800.0
42889436000123;UNIMED ALTO SÃO FRANCISCO COOPERATIVA DE TRABALHO MÉDICO;2025;1T2025;9208.0
42889436000123;UNIMED ALTO SÃO FRANCISCO COOPERATIVA DE TRABALHO MÉDICO;2025;2T2025;-8292.0
42892281000184;UNIMED GOVERNADOR VALADARES COOP. DE TRABALHO MÉDICO LTDA.;2025;1T2025;20435120.0
42892281000184;UNIMED GOVERNADOR VALADARES COOP. DE TRABALHO MÉDICO LTDA.;2025;2T2025;-20435120.0
42892281000184;UNIMED GOVERNADOR VALADARES COOP. DE TRABALHO MÉDICO LTDA.;2025;3T2025;67410.0
42936518000181;UNIMED LEOPOLDINA COOPERATIVA DE TRABALHO MÉDICO LTDA;2025;2T2025;645085.0
42936518000181;UNIMED LEOPOLDINA COOPERATIVA DE TRABALHO MÉDICO LTDA;2025;3T2025;-645085.0
42939207000176;UNIMED CAMPO BELO- COOPERATIVA DE TRABALHO MÉDICO;2025;1T2025;17107.0
42939207000176;UNIMED CAMPO BELO- COOPERATIVA DE TRABALHO MÉDICO;2025;2T2025;-17107.0
42939207000176;UNIMED CAMPO BELO- COOPERATIVA DE TRABALHO MÉDICO;2025;3T2025;148003.0
42940528000190;UNIMED PARÁ DE MINAS COOPERATIVA DE TRABALHO MÉDICO LTDA.;2025;1T2025;1014337.0
42940528000190;UNIMED PARÁ DE MINAS COOPERATIVA DE TRABALHO MÉDICO LTDA.;2025;2T2025;9459595.0
42940528000190;UNIMED PARÁ DE MINAS COOPERATIVA DE TRABALHO MÉDICO LTDA.;2025;3T2025;3928462.0
42946061000196;UNIMED ALFENAS COOPERATIVA DE TRABALHO MEDICO;2025;1T2025;100000.0
42946061000196;UNIMED ALFENAS COOPERATIVA DE TRABALHO MEDICO;2025;3T2025;1576036.0
43293604000186;SANTA HELENA ASSISTÊNCIA MÉDICA S/A.;2025;1T2025;2702213.0
43293604000186;SANTA HELENA ASSISTÊNCIA MÉDICA S/A.;2025;2T2025;-2702213.0
43643139000166;UNIMED DO ESTADO DE SÃO PAULO - FEDERAÇÃO ESTADUAL DAS COOP. MÉDICAS;2025;1T2025;407458.0
43643139000166;UNIMED DO ESTADO DE SÃO PAULO - FEDERAÇÃO ESTADUAL DAS COOP. MÉDICAS;2025;2T2025;-407458.0
43643139000166;UNIMED DO ESTADO DE SÃO PAULO - FEDERAÇÃO ESTADUAL DAS COOP. MÉDICAS;2025;3T2025;918303.0
44456036000150;UNIMED DE BAURU COOPERATIVA DE TRABALHO MÉDICO;2025;1T2025;28167.0
44456036000150;UNIMED DE BAURU COOPERATIVA DE TRABALHO MÉDICO;2025;2T2025;2111069.0
44456036000150;UNIMED DE BAURU COOPERATIVA DE TRABALHO MÉDICO;2025;3T2025;-2020924.0
44595858000111;UNIODONTO DO BRASIL CENTRAL NACIONAL DAS COOPERATIVAS ODONTÓLOGICAS;2025;2T2025;2352663.0
44595858000111;UNIODONTO DO BRASIL CENTRAL NACIONAL DAS COOPERATIVAS ODONTÓLOGICAS;2025;3T2025;-2352663.0
44649812000138;NOTRE DAME INTERMÉDICA SAÚDE S.A.;2025;1T2025;3378.0
44649812000138;NOTRE DAME INTERMÉDICA SAÚDE S.A.;2025;2T2025;93244.0
44649812000138;NOTRE DAME INTERMÉDICA SAÚDE S.A.;2025;3T2025;143378.0
44663631000166;UNIMED DE RIO CLARO SP COOPERATIVA DE TRABALHO MEDICO;2025;1T2025;17578.0
44663631000166;UNIMED DE RIO CLARO SP COOPERATIVA DE TRABALHO MEDICO;2025;2T2025;14830.0
44663631000166;UNIMED DE RIO CLARO SP COOPERATIVA DE TRABALHO MEDICO;2025;3T2025;77142.0
44673382000190;OMINT SERVIÇOS DE SAÚDE S.A.;2025;1T2025;6180.0
44673382000190;OMINT SERVIÇOS DE SAÚDE S.A.;2025;2T2025;700.0
44673382000190;OMINT SERVIÇOS DE SAÚDE S.A.;2025;3T2025;33611742.0
44803922000102;UNIMED DE PIRACICABA SOCIEDADE COOPERATIVA DE SERVIÇOS MÉDICOS;2025;1T2025;15850.0
44803922000102;UNIMED DE PIRACICABA SOCIEDADE COOPERATIVA DE SERVIÇOS MÉDICOS;2025;2T2025;4773659.0
44803922000102;UNIMED DE PIRACICABA SOCIEDADE COOPERATIVA DE SERVIÇOS MÉDICOS;2025;3T2025;-4781219.0
44857357000166;METRUS INSTITUTO DE SEGURIDADE SOCIAL;2025;1T2025;97846.0
44857357000166;METRUS INSTITUTO DE SEGURIDADE SOCIAL;2025;2T2025;178182107.0
44857357000166;METRUS INSTITUTO DE SEGURIDADE SOCIAL;2025;3T2025;-178026423.0
44863959000126;UNIMED DE PRESIDENTE PRUDENTE COOPERATIVA DE TRAB. MÉDICO;2025;1T2025;1350.0
44863959000126;UNIMED DE PRESIDENTE PRUDENTE COOPERATIVA DE TRAB. MÉDICO;2025;2T2025;-1020.0
44863959000126;UNIMED DE PRESIDENTE PRUDENTE COOPERATIVA DE TRAB. MÉDICO;2025;3T2025;24070.0
4487255000181;UNIMED SEGUROS SAÚDE S/A;2025;1T2025;2700.0
4487255000181;UNIMED SEGUROS SAÚDE S/A;2025;2T2025;19638.0
4487255000181;UNIMED SEGUROS SAÚDE S/A;2025;3T2025;5310.0
44945962000199;SANTA CASA DE MISERICÓRDIA E ASILO DOS POBRES DE BATATAIS;2025;3T2025;5877.0
45100138000109;UNIMED SAO JOSÉ DO RIO PRETO - COOP. DE TRABALHO MÉDICO;2025;1T2025;48.0
45100138000109;UNIMED SAO JOSÉ DO RIO PRETO - COOP. DE TRABALHO MÉDICO;2025;2T2025;343310.0
45100138000109;UNIMED SAO JOSÉ DO RIO PRETO - COOP. DE TRABALHO MÉDICO;2025;3T2025;5391952.0
45118429000116;UNIMED DE CATANDUVA - COOPERATIVA DE TRABALHO MÉDICO;2025;1T2025;9394.0
45118429000116;UNIMED DE CATANDUVA - COOPERATIVA DE TRABALHO MÉDICO;2025;2T2025;-9394.0
45118429000116;UNIMED DE CATANDUVA - COOPERATIVA DE TRABALHO MÉDICO;2025;3T2025;1566902.0
45171402000197;UNIMED DE TAUBATÉ COOPERATIVA DE TRABALHO MÉDICO;2025;1T2025;4780.0
45171402000197;UNIMED DE TAUBATÉ COOPERATIVA DE TRABALHO MÉDICO;2025;2T2025;6140.0
45171402000197;UNIMED DE TAUBATÉ COOPERATIVA DE TRABALHO MÉDICO;2025;3T2025;8230.0
45232246000127;UNIMED DE RIBEIRAO PRETO - COOPERATIVA DE TRABALHO MÉDICO;2025;1T2025;37598199.0
45232246000127;UNIMED DE RIBEIRAO PRETO - COOPERATIVA DE TRABALHO MÉDICO;2025;2T2025;-37557969.0
45232246000127;UNIMED DE RIBEIRAO PRETO - COOPERATIVA DE TRABALHO MÉDICO;2025;3T2025;58794541.0
45309606000141;UNIMED FRANCA - SOCIEDADE COOPERATIVA DE SERVIÇOS MÉDICOS E HOSPITALARES;2025;1T2025;23620.0
45309606000141;UNIMED FRANCA - SOCIEDADE COOPERATIVA DE SERVIÇOS MÉDICOS E HOSPITALARES;2025;2T2025;5018010.0
45309606000141;UNIMED FRANCA - SOCIEDADE COOPERATIVA DE SERVIÇOS MÉDICOS E HOSPITALARES;2025;3T2025;-4969990.0
45359213000142;UNIMED SÃO CARLOS - COOPERATIVA DE TRABALHO MÉDICO;2025;1T2025;200.0
45359213000142;UNIMED SÃO CARLOS - COOPERATIVA DE TRABALHO MÉDICO;2025;2T2025;322122.0
45359213000142;UNIMED SÃO CARLOS - COOPERATIVA DE TRABALHO MÉDICO;2025;3T2025;-1217.0
45399961000159;UNIMED SOROCABA COOPERATIVA DE TRABALHO MÉDICO;2025;1T2025;14535.0
45399961000159;UNIMED SOROCABA COOPERATIVA DE TRABALHO MÉDICO;2025;2T2025;11215.0
45399961000159;UNIMED SOROCABA COOPERATIVA DE TRABALHO MÉDICO;2025;3T2025;16965.0
45425899000122;UNIMED DE BOTUCATU COOPERATIVA DE TRABALHO MÉDICO;2025;3T2025;121163.0
4558034000157;LIFE EMPRESARIAL SAÚDE LTDA.;2025;1T2025;101877.0
4558034000157;LIFE EMPRESARIAL SAÚDE LTDA.;2025;2T2025;-97611.0
4558034000157;LIFE EMPRESARIAL SAÚDE LTDA.;2025;3T2025;2733.0
4574626000162;CAIXA DE ASSISTÊNCIA À SAÚDE DOS SERVIDORES PÚBLICOS DO ESTADO DO MATO GROSSO DO SUL;2025;1T2025;6354793.0
4574626000162;CAIXA DE ASSISTÊNCIA À SAÚDE DOS SERVIDORES PÚBLICOS DO ESTADO DO MATO GROSSO DO SUL;2025;2T2025;-6354793.0
46124624000111;UNIMED CAMPINAS - COOPERATIVA DE TRABALHO MÉDICO;2025;1T2025;44957.0
46124624000111;UNIMED CAMPINAS - COOPERATIVA DE TRABALHO MÉDICO;2025;2T2025;50702.0
46124624000111;UNIMED CAMPINAS - COOPERATIVA DE TRABALHO MÉDICO;2025;3T2025;-75244.0
4612990000170;UNIMED DE MANAUS COOP. DO TRABALHO MÉDICO LTDA;2025;1T2025;2800.0
461479000163;PREVENT SENIOR PRIVATE OPERADORA DE SAÚDE LTDA;2025;2T2025;782153147.0
461479000163;PREVENT SENIOR PRIVATE OPERADORA DE SAÚDE LTDA;2025;3T2025;-782153147.0
46426569000114;UNITY SERVIÇOS INTEGRADOS DE SAÚDE LTDA.;2025;1T2025;2169.0
46426569000114;UNITY SERVIÇOS INTEGRADOS DE SAÚDE LTDA.;2025;2T2025;34914.0
46426569000114;UNITY SERVIÇOS INTEGRADOS DE SAÚDE LTDA.;2025;3T2025;20936.0
4745753000187;UNIÃO MÉDICA PLANOS DE SAÚDE S/A;2025;2T2025;13129712.0
4745753000187;UNIÃO MÉDICA PLANOS DE SAÚDE S/A;2025;3T2025;-13129712.0
47565155000139;UNIMED DE PINDAMONHANGABA - COOPERATIVA TRABALHO MEDICO;2025;1T2025;550.0
47565155000139;UNIMED DE PINDAMONHANGABA - COOPERATIVA TRABALHO MEDICO;2025;2T2025;90911.0
47565155000139;UNIMED DE PINDAMONHANGABA - COOPERATIVA TRABALHO MEDICO;2025;3T2025;-90911.0
4859814000137;SAÚDE BRB - CAIXA DE ASSISTÊNCIA ;2025;1T2025;6636499.0
4859814000137;SAÚDE BRB - CAIXA DE ASSISTÊNCIA ;2025;2T2025;-6636499.0
4859814000137;SAÚDE BRB - CAIXA DE ASSISTÊNCIA ;2025;3T2025;520.0
48628366000136;UNIMED DE SANTA BÁRBARA D'OESTE E AMERICANA - COOP DE TRABALHO MÉDICO;2025;1T2025;170.0
48628366000136;UNIMED DE SANTA BÁRBARA D'OESTE E AMERICANA - COOP DE TRABALHO MÉDICO;2025;2T2025;489698.0
48628366000136;UNIMED DE SANTA BÁRBARA D'OESTE E AMERICANA - COOP DE TRABALHO MÉDICO;2025;3T2025;-489868.0
48717516000188;UNIMED DE LORENA COOPERATIVA DE TRABALHO MÉDICO;2025;1T2025;15014.0
48717516000188;UNIMED DE LORENA COOPERATIVA DE TRABALHO MÉDICO;2025;2T2025;2342220.0
48717516000188;UNIMED DE LORENA COOPERATIVA DE TRABALHO MÉDICO;2025;3T2025;-2337634.0
48721401000167;UNIMED DE CAÇAPAVA - COOPERATIVA DE TRABALHO MEDICO;2025;2T2025;230.0
48721401000167;UNIMED DE CAÇAPAVA - COOPERATIVA DE TRABALHO MEDICO;2025;3T2025;2075.0
4911101000175;VIVENTERIS LTDA;2025;2T2025;2010.0
4911101000175;VIVENTERIS LTDA;2025;3T2025;1550.0
49210966000142;UNIMED REGIONAL DA BAIXA MOGIANA - COOPERATIVA DE TRABALHO MÉDICO;2025;1T2025;12150.0
49210966000142;UNIMED REGIONAL DA BAIXA MOGIANA - COOPERATIVA DE TRABALHO MÉDICO;2025;2T2025;7610.0
49210966000142;UNIMED REGIONAL DA BAIXA MOGIANA - COOPERATIVA DE TRABALHO MÉDICO;2025;3T2025;18374.0
49320799000192;ECONOMUS INSTITUTO DE SEGURIDADE SOCIAL;2025;1T2025;196630.0
49320799000192;ECONOMUS INSTITUTO DE SEGURIDADE SOCIAL;2025;2T2025;2783512.0
49320799000192;ECONOMUS INSTITUTO DE SEGURIDADE SOCIAL;2025;3T2025;1388041.0
494870000164;UNIMED DE IBITINGA COOPERATIVA DE TRABALHO MÉDICO;2025;1T2025;600.0
494870000164;UNIMED DE IBITINGA COOPERATIVA DE TRABALHO MÉDICO;2025;2T2025;-600.0
49792664000120;SUL DO PARÁ LTDA;2025;3T2025;-1190.0
49955478000164;AURORA SAÚDE LTDA;2025;2T2025;85.0
49955478000164;AURORA SAÚDE LTDA;2025;3T2025;8000.0
50368034000101;UNIMED DE AVARÉ COOPERATIVA DE TRABALHO MÉDICO;2025;1T2025;22033.0
50368034000101;UNIMED DE AVARÉ COOPERATIVA DE TRABALHO MÉDICO;2025;2T2025;-20826.0
50368034000101;UNIMED DE AVARÉ COOPERATIVA DE TRABALHO MÉDICO;2025;3T2025;5268543.0
50432863000106;MATÃO CLINICAS & AMHMA SAÚDE LTDA;2025;1T2025;10705.0
50432863000106;MATÃO CLINICAS & AMHMA SAÚDE LTDA;2025;2T2025;590.0
50432863000106;MATÃO CLINICAS & AMHMA SAÚDE LTDA;2025;3T2025;805.0
50480953000172;UNIMED DE LIMEIRA COOPERATIVA DE TRABALHO MÉDICO;2025;2T2025;15129.0
50480953000172;UNIMED DE LIMEIRA COOPERATIVA DE TRABALHO MÉDICO;2025;3T2025;7560.0
50565317000143;SERV  SOCIAL AUTÔNOMO DE ASSIST À SAÚDE DOS SERV PÚBLICOS E MILITARES DE GOIÁS;2025;2T2025;-453111.0
51093193000103;UNIMED DE ARACATUBA - COOPERATIVA DE TRABALHO MÉDICO;2025;1T2025;69020.0
51093193000103;UNIMED DE ARACATUBA - COOPERATIVA DE TRABALHO MÉDICO;2025;2T2025;24230.0
51093193000103;UNIMED DE ARACATUBA - COOPERATIVA DE TRABALHO MÉDICO;2025;3T2025;-92560.0
51427540000197;UNIMED DE OURINHOS - COOPERATIVA DE TRABALHO MÉDICO;2025;1T2025;15116.0
51427540000197;UNIMED DE OURINHOS - COOPERATIVA DE TRABALHO MÉDICO;2025;2T2025;790657.0
51427540000197;UNIMED DE OURINHOS - COOPERATIVA DE TRABALHO MÉDICO;2025;3T2025;-764787.0
51473692000126;IRMANDADE DA SANTA CASA DE MISERICORDIA DE LIMEIRA;2025;1T2025;500.0
51473692000126;IRMANDADE DA SANTA CASA DE MISERICORDIA DE LIMEIRA;2025;2T2025;1000.0
51473692000126;IRMANDADE DA SANTA CASA DE MISERICORDIA DE LIMEIRA;2025;3T2025;1770.0
51628360000173;PRONTO SOCORRO CONDE DE MOREIRA LIMA;2025;2T2025;4880.0
51628360000173;PRONTO SOCORRO CONDE DE MOREIRA LIMA;2025;3T2025;-3360.0
52657079000121;UNIMED DE BATATAIS - COOPERATIVA DE TRABALHO MÉDICO;2025;1T2025;2299.0
52657079000121;UNIMED DE BATATAIS - COOPERATIVA DE TRABALHO MÉDICO;2025;2T2025;-2299.0
532888000103;UNIMED REGIÃO DA PRODUÇÃO/RS - COOPERATIVA DE ASSISTÊNCIA À SAÚDE LTDA;2025;1T2025;64442.0
532888000103;UNIMED REGIÃO DA PRODUÇÃO/RS - COOPERATIVA DE ASSISTÊNCIA À SAÚDE LTDA;2025;2T2025;202999.0
532888000103;UNIMED REGIÃO DA PRODUÇÃO/RS - COOPERATIVA DE ASSISTÊNCIA À SAÚDE LTDA;2025;3T2025;-85421.0
53678264000165;UNIMED LESTE PAULISTA COOPERATIVA DE TRABALHO MÉDICO;2025;1T2025;8797.0
53678264000165;UNIMED LESTE PAULISTA COOPERATIVA DE TRABALHO MÉDICO;2025;2T2025;-8797.0
54012406000113;UNIMED ANHANGUERA COOPERATIVA DE TRABALHO MÉDICO;2025;1T2025;19418.0
54012406000113;UNIMED ANHANGUERA COOPERATIVA DE TRABALHO MÉDICO;2025;2T2025;44710564.0
54012406000113;UNIMED ANHANGUERA COOPERATIVA DE TRABALHO MÉDICO;2025;3T2025;-44037982.0
54370630000187;IRMANDADE DA SANTA CASA DE MISERICÓRDIA DE PIRACICABA;2025;2T2025;95992.0
54370630000187;IRMANDADE DA SANTA CASA DE MISERICÓRDIA DE PIRACICABA;2025;3T2025;110228162.0
5455431000166;CASA DE SAÚDE NOSSA SENHORA DE FÁTIMA  LTDA.;2025;1T2025;289740.0
5455431000166;CASA DE SAÚDE NOSSA SENHORA DE FÁTIMA  LTDA.;2025;2T2025;292490.0
5455431000166;CASA DE SAÚDE NOSSA SENHORA DE FÁTIMA  LTDA.;2025;3T2025;354367.0
54557861000102;BLUZZ SAÚDE S/A;2025;1T2025;367.0
54557861000102;BLUZZ SAÚDE S/A;2025;2T2025;-367.0
54991211000162;UNIMED DE ASSIS COOPERATIVA DE TRABALHO MÉDICO;2025;1T2025;621.0
54991211000162;UNIMED DE ASSIS COOPERATIVA DE TRABALHO MÉDICO;2025;2T2025;1470.0
54991211000162;UNIMED DE ASSIS COOPERATIVA DE TRABALHO MÉDICO;2025;3T2025;12379.0
552181000169;UNIMED DE MOCOCA COOPERATIVA DE TRAB. MÉDICO;2025;1T2025;78025.0
552181000169;UNIMED DE MOCOCA COOPERATIVA DE TRAB. MÉDICO;2025;2T2025;5908769.0
552181000169;UNIMED DE MOCOCA COOPERATIVA DE TRAB. MÉDICO;2025;3T2025;-5981125.0
55990451000105;SANTA CASA DE MISERICÓRDIA E BENEFICÊNCIA PORTUGUESA;2025;1T2025;57423.0
55990451000105;SANTA CASA DE MISERICÓRDIA E BENEFICÊNCIA PORTUGUESA;2025;2T2025;3811769.0
55990451000105;SANTA CASA DE MISERICÓRDIA E BENEFICÊNCIA PORTUGUESA;2025;3T2025;-3869192.0
56384183000140;IRMANDADE DA SANTA CASA DE MISERICÓRDIA DE RIO CLARO;2025;1T2025;139631.0
56384183000140;IRMANDADE DA SANTA CASA DE MISERICÓRDIA DE RIO CLARO;2025;2T2025;-134711.0
56384183000140;IRMANDADE DA SANTA CASA DE MISERICÓRDIA DE RIO CLARO;2025;3T2025;5200.0
5657234000120;UNIMED PORTO VELHO - SOCIEDADE COOPERATIVA MÉDICA LTDA;2025;1T2025;70461.0
5657234000120;UNIMED PORTO VELHO - SOCIEDADE COOPERATIVA MÉDICA LTDA;2025;2T2025;-34551.0
5657234000120;UNIMED PORTO VELHO - SOCIEDADE COOPERATIVA MÉDICA LTDA;2025;3T2025;20977605.0
56727134000163;UNIMED JUNDIAI - COOPERATIVA DE TRABALHO MÉDICO;2025;1T2025;15151.0
56727134000163;UNIMED JUNDIAI - COOPERATIVA DE TRABALHO MÉDICO;2025;2T2025;-14908.0
56727134000163;UNIMED JUNDIAI - COOPERATIVA DE TRABALHO MÉDICO;2025;3T2025;164.0
57149775000140;UNIMED SUL PAULISTA - COOPERATIVA DE TRABALHO MÉDICO;2025;1T2025;6500.0
57149775000140;UNIMED SUL PAULISTA - COOPERATIVA DE TRABALHO MÉDICO;2025;2T2025;2853492.0
57149775000140;UNIMED SUL PAULISTA - COOPERATIVA DE TRABALHO MÉDICO;2025;3T2025;-2834792.0
57214900000159;UNIMED ALTA MOGIANA COOPERATIVA DE TRABALHO MÉDICO;2025;1T2025;244.0
57214900000159;UNIMED ALTA MOGIANA COOPERATIVA DE TRABALHO MÉDICO;2025;2T2025;-244.0
58119199000151;ODONTOPREV S/A;2025;1T2025;10441.0
58119199000151;ODONTOPREV S/A;2025;2T2025;31773.0
58119199000151;ODONTOPREV S/A;2025;3T2025;-42214.0
5814777000103;CAIXA DE ASSISTÊNCIA DOS FUNCIONÁRIOS DO BANCO DO NORDESTE DO BRASIL;2025;1T2025;645771.0
5814777000103;CAIXA DE ASSISTÊNCIA DOS FUNCIONÁRIOS DO BANCO DO NORDESTE DO BRASIL;2025;2T2025;-591661.0
5814777000103;CAIXA DE ASSISTÊNCIA DOS FUNCIONÁRIOS DO BANCO DO NORDESTE DO BRASIL;2025;3T2025;-54110.0
58229691000180;UNIMED DE SANTOS COOP DE TRAB MEDICO;2025;1T2025;705441.0
58229691000180;UNIMED DE SANTOS COOP DE TRAB MEDICO;2025;2T2025;68502364.0
58229691000180;UNIMED DE SANTOS COOP DE TRAB MEDICO;2025;3T2025;-69148542.0
5868278000107;UNIMED DE FORTALEZA SOCIEDADE COOPERATIVA MÉDICA LTDA.;2025;1T2025;564.0
5868278000107;UNIMED DE FORTALEZA SOCIEDADE COOPERATIVA MÉDICA LTDA.;2025;2T2025;2876278.0
5868278000107;UNIMED DE FORTALEZA SOCIEDADE COOPERATIVA MÉDICA LTDA.;2025;3T2025;10836748.0
58837188000107;UNIMED SALTO/ITU - COOPERATIVA MÉDICA;2025;1T2025;108665.0
58837188000107;UNIMED SALTO/ITU - COOPERATIVA MÉDICA;2025;2T2025;67776.0
58837188000107;UNIMED SALTO/ITU - COOPERATIVA MÉDICA;2025;3T2025;-159980.0
59499251000105;UNIMED DE CAPIVARI -COOPERATIVA DE TRABALHO MÉDICO;2025;2T2025;50000.0
59499251000105;UNIMED DE CAPIVARI -COOPERATIVA DE TRABALHO MÉDICO;2025;3T2025;2305670.0
59766105000107;ASSOCIAÇÃO POLICIAL DE ASSISTÊNCIA À SAÚDE;2025;3T2025;1553.0
5983170000157;PLANO ODONTOLÓGICO DENTALVIDAS LTDA.;2025;1T2025;901.0
5983170000157;PLANO ODONTOLÓGICO DENTALVIDAS LTDA.;2025;2T2025;-901.0
59847780000152;AUSTACLINICAS ASSISTÊNCIA MÉDICA E HOSPITALAR LTDA;2025;1T2025;2292084.0
59847780000152;AUSTACLINICAS ASSISTÊNCIA MÉDICA E HOSPITALAR LTDA;2025;2T2025;-866877.0
59847780000152;AUSTACLINICAS ASSISTÊNCIA MÉDICA E HOSPITALAR LTDA;2025;3T2025;896095.0
59849182000112;SANTA CASA DE MISERICORDIA DE SAO JOAQUIM DA BARRA;2025;1T2025;16100.0
59849182000112;SANTA CASA DE MISERICORDIA DE SAO JOAQUIM DA BARRA;2025;2T2025;52825.0
59849182000112;SANTA CASA DE MISERICORDIA DE SAO JOAQUIM DA BARRA;2025;3T2025;45000.0
59901454000186;SANTA CASA DE MISERICORDIA HOSPITAL SÃO VICENTE;2025;1T2025;400.0
59901454000186;SANTA CASA DE MISERICORDIA HOSPITAL SÃO VICENTE;2025;2T2025;500.0
59901454000186;SANTA CASA DE MISERICORDIA HOSPITAL SÃO VICENTE;2025;3T2025;500.0
60214517000105;UNIMED SAO JOSE DOS CAMPOS - COOPERATIVA DE TRABALHO MEDICO;2025;1T2025;7051474.0
60214517000105;UNIMED SAO JOSE DOS CAMPOS - COOPERATIVA DE TRABALHO MEDICO;2025;2T2025;16610.0
60214517000105;UNIMED SAO JOSE DOS CAMPOS - COOPERATIVA DE TRABALHO MEDICO;2025;3T2025;30817258.0
6037000127;UNIMED DE TATUI - COOPERATIVA DE TRABALHO MÉDICO;2025;1T2025;215148.0
6037000127;UNIMED DE TATUI - COOPERATIVA DE TRABALHO MÉDICO;2025;2T2025;-214664.0
60499365000134;FUNDACAO LEONOR DE BARROS CAMARGO;2025;1T2025;2067405.0
60499365000134;FUNDACAO LEONOR DE BARROS CAMARGO;2025;2T2025;-2067405.0
60633369000163;UNIMED DE BEBEDOURO COOPERATIVA DE TRABALHO MÉDICO;2025;1T2025;3008364.0
60633369000163;UNIMED DE BEBEDOURO COOPERATIVA DE TRABALHO MÉDICO;2025;2T2025;-3004974.0
6091170000105;UNIMED OS BANDEIRANTES COOPERATIVA DE TRABALHO MÉDICO;2025;1T2025;2471262.0
6091170000105;UNIMED OS BANDEIRANTES COOPERATIVA DE TRABALHO MÉDICO;2025;2T2025;-2471012.0
6091170000105;UNIMED OS BANDEIRANTES COOPERATIVA DE TRABALHO MÉDICO;2025;3T2025;3108798.0
60975174000100;ASSOCIAÇÃO DE BENEFICÊNCIA E FILANTROPIA SÃO CRISTOVÃO;2025;1T2025;77040.0
60975174000100;ASSOCIAÇÃO DE BENEFICÊNCIA E FILANTROPIA SÃO CRISTOVÃO;2025;2T2025;56500.0
60975174000100;ASSOCIAÇÃO DE BENEFICÊNCIA E FILANTROPIA SÃO CRISTOVÃO;2025;3T2025;-51040.0
6145428000109;PORTO DIAS SAUDE LTDA.;2025;1T2025;300.0
62465117000106;FUNDAÇÃO CESP;2025;2T2025;69152.0
62465117000106;FUNDAÇÃO CESP;2025;3T2025;-69152.0
62476676000103;INTERMEDICI PIRACICABA ASSISTENCIA MEDICA LTDA;2025;1T2025;13130.0
62476676000103;INTERMEDICI PIRACICABA ASSISTENCIA MEDICA LTDA;2025;2T2025;-12976.0
62476676000103;INTERMEDICI PIRACICABA ASSISTENCIA MEDICA LTDA;2025;3T2025;191061.0
62550256000120;NOTRE DAME INTERMÉDICA MINAS GERAIS SAÚDE S.A.;2025;1T2025;1446937.0
62550256000120;NOTRE DAME INTERMÉDICA MINAS GERAIS SAÚDE S.A.;2025;2T2025;1110561.0
62550256000120;NOTRE DAME INTERMÉDICA MINAS GERAIS SAÚDE S.A.;2025;3T2025;66005972.0
62638374000194;CENTRO TRASMONTANO DE SAO PAULO;2025;3T2025;22357434.0
628107000189;FUNDAÇÃO ASSISTENCIAL DOS SERVIDORES DO MINISTÉRIO DA FAZENDA;2025;1T2025;400.0
628107000189;FUNDAÇÃO ASSISTENCIAL DOS SERVIDORES DO MINISTÉRIO DA FAZENDA;2025;2T2025;-400.0
63554067000198;HAPVIDA ASSISTENCIA MEDICA S.A.;2025;1T2025;511743829.0
63554067000198;HAPVIDA ASSISTENCIA MEDICA S.A.;2025;2T2025;236050474.0
63554067000198;HAPVIDA ASSISTENCIA MEDICA S.A.;2025;3T2025;-745471578.0
636975000100;SÃO DOMINGOS SAÚDE- ASSISTÊNCIA MÉDICA  LTDA;2025;1T2025;936.0
636975000100;SÃO DOMINGOS SAÚDE- ASSISTÊNCIA MÉDICA  LTDA;2025;2T2025;-936.0
64327059000171;UNIMED CATAGUASES COOPERATIVA DE TRABALHO MÉDICO LTDA;2025;1T2025;248714.0
64327059000171;UNIMED CATAGUASES COOPERATIVA DE TRABALHO MÉDICO LTDA;2025;2T2025;232916.0
64327059000171;UNIMED CATAGUASES COOPERATIVA DE TRABALHO MÉDICO LTDA;2025;3T2025;322738.0
64388812000139;UNIMED TRÊS PONTAS - COOPERATIVA DE TRABALHO MÉDICO;2025;1T2025;48225.0
64388812000139;UNIMED TRÊS PONTAS - COOPERATIVA DE TRABALHO MÉDICO;2025;2T2025;607210.0
64388812000139;UNIMED TRÊS PONTAS - COOPERATIVA DE TRABALHO MÉDICO;2025;3T2025;-600835.0
64924095000112;SERMED-SAÚDE LTDA.;2025;1T2025;20162.0
64924095000112;SERMED-SAÚDE LTDA.;2025;2T2025;13456.0
64924095000112;SERMED-SAÚDE LTDA.;2025;3T2025;-26618.0
65422339000121;UNIMED AMPARO COOPERATIVA DE TRABALHO MÉDICO;2025;1T2025;1100.0
65422339000121;UNIMED AMPARO COOPERATIVA DE TRABALHO MÉDICO;2025;2T2025;132274.0
65732836000126;UNIMED DE BIRIGUI - COOPERATIVA DE TRABALHO MÉDICO;2025;1T2025;39840.0
65732836000126;UNIMED DE BIRIGUI - COOPERATIVA DE TRABALHO MÉDICO;2025;2T2025;-18385.0
65732836000126;UNIMED DE BIRIGUI - COOPERATIVA DE TRABALHO MÉDICO;2025;3T2025;3125933.0
66191263000133;UNIMED JOÃO MONLEVADE COOPERATIVA DE TRABALHO MÉDICO LTDA.;2025;2T2025;1040.0
66191263000133;UNIMED JOÃO MONLEVADE COOPERATIVA DE TRABALHO MÉDICO LTDA.;2025;3T2025;1520.0
66343534000129;UNIMED VIÇOSA - COOPERATIVA DE TRABALHO MÉDICO;2025;1T2025;1575118.0
66343534000129;UNIMED VIÇOSA - COOPERATIVA DE TRABALHO MÉDICO;2025;2T2025;-1570718.0
66343534000129;UNIMED VIÇOSA - COOPERATIVA DE TRABALHO MÉDICO;2025;3T2025;550.0
66453168000160;UNIMED SÃO SEBASTIÃO DO PARAÍSO COOPERATIVA DE TRABALHO MÉDICO;2025;1T2025;80.0
66477217000103;UNIMED LAVRAS COOPERATIVA DE TRABALHO MÉDICO;2025;1T2025;240.0
66477217000103;UNIMED LAVRAS COOPERATIVA DE TRABALHO MÉDICO;2025;2T2025;2700.0
66477217000103;UNIMED LAVRAS COOPERATIVA DE TRABALHO MÉDICO;2025;3T2025;3465.0
66491036000123;ASSOCIAÇÃO POLICIAL DE ASSISTÊNCIA À SAÚDE DE JAÚ;2025;3T2025;143.0
665690000106;ASSOCIAÇÃO POLICIAL DE ASSISTÊNCIA À SAÚDE DE DRACENA;2025;3T2025;150.0
66872888000160;UNIMED DE MARILIA COOPERATIVA DE TRABALHO MÉDICO;2025;1T2025;264235.0
66872888000160;UNIMED DE MARILIA COOPERATIVA DE TRABALHO MÉDICO;2025;2T2025;7074887.0
66872888000160;UNIMED DE MARILIA COOPERATIVA DE TRABALHO MÉDICO;2025;3T2025;-7333122.0
66916305000156;UNIMED SUDOESTE PAULISTA COOPERATIVA DE TRABALHO MÉDICO;2025;3T2025;39998.0
67417519000140;UNIMED DE LENÇOIS PAULISTA - COOPERATIVA DE TRABALHO MÉDICO;2025;1T2025;54.0
67417519000140;UNIMED DE LENÇOIS PAULISTA - COOPERATIVA DE TRABALHO MÉDICO;2025;2T2025;648281.0
67417519000140;UNIMED DE LENÇOIS PAULISTA - COOPERATIVA DE TRABALHO MÉDICO;2025;3T2025;-648134.0
67577171000159;UNIMED DE MONTE ALTO - COOPERATIVA DE TRABALHO MÉDICO;2025;1T2025;197.0
67577171000159;UNIMED DE MONTE ALTO - COOPERATIVA DE TRABALHO MÉDICO;2025;2T2025;1989.0
67577171000159;UNIMED DE MONTE ALTO - COOPERATIVA DE TRABALHO MÉDICO;2025;3T2025;1102.0
68204486000113;UNIMED DE DRACENA - COOPERATIVA DE TRABALHO MÉDICO;2025;1T2025;3049.0
68204486000113;UNIMED DE DRACENA - COOPERATIVA DE TRABALHO MÉDICO;2025;2T2025;2210.0
68204486000113;UNIMED DE DRACENA - COOPERATIVA DE TRABALHO MÉDICO;2025;3T2025;2008619.0
68668045000172;AMESC - ASSOCIAÇÃO MÉDICA ESPÍRITA CRISTÃ;2025;2T2025;19800.0
68668045000172;AMESC - ASSOCIAÇÃO MÉDICA ESPÍRITA CRISTÃ;2025;3T2025;-19800.0
68682715000105;PLAMER PLANO MEDICO RESENDE LTDA;2025;3T2025;1441049.0
68687722000108;G & M ASSESSORIA MEDICA EMPRESARIAL LTDA;2025;1T2025;780.0
68687722000108;G & M ASSESSORIA MEDICA EMPRESARIAL LTDA;2025;2T2025;207792.0
68687722000108;G & M ASSESSORIA MEDICA EMPRESARIAL LTDA;2025;3T2025;-208572.0
68709211000131;UNIMED RESENDE COOPERATIVA DE TRABALHO MÉDICO;2025;1T2025;471.0
68709211000131;UNIMED RESENDE COOPERATIVA DE TRABALHO MÉDICO;2025;2T2025;5437941.0
68709211000131;UNIMED RESENDE COOPERATIVA DE TRABALHO MÉDICO;2025;3T2025;-5438412.0
69087922000184;UNIMED NORTE PAULISTA - COOPERATIVA DE TRABALHO MÉDICO;2025;2T2025;261635.0
69087922000184;UNIMED NORTE PAULISTA - COOPERATIVA DE TRABALHO MÉDICO;2025;3T2025;-240122.0
69099307000198;CROWN ODONTOLOGIA DE GRUPO LTDA;2025;3T2025;60.0
69289171000189;ATÍVIA SERVIÇOS DE SAÚDE S/A;2025;2T2025;-942008.0
69612158000119;UNIMED REGIONAL DE PICOS - COOPERATIVA DE TRABALHO MÉDICO;2025;1T2025;150513.0
69612158000119;UNIMED REGIONAL DE PICOS - COOPERATIVA DE TRABALHO MÉDICO;2025;2T2025;-150513.0
69612158000119;UNIMED REGIONAL DE PICOS - COOPERATIVA DE TRABALHO MÉDICO;2025;3T2025;144.0
697509000135;UNIMED CENTRO RONDÔNIA COOPERATIVA DE TRABALHO MÉDICO;2025;1T2025;366.0
697509000135;UNIMED CENTRO RONDÔNIA COOPERATIVA DE TRABALHO MÉDICO;2025;2T2025;280.0
697509000135;UNIMED CENTRO RONDÔNIA COOPERATIVA DE TRABALHO MÉDICO;2025;3T2025;12127.0
70523899000102;UNIMED VALE DO JAURU COOPERATIVA DE TRABALHO MÉDICO;2025;1T2025;6150.0
70523899000102;UNIMED VALE DO JAURU COOPERATIVA DE TRABALHO MÉDICO;2025;2T2025;7530.0
7057185000110;UNIMED MARANHÃO DO SUL - COOPERATIVA DE TRABALHO MÉDICO;2025;1T2025;3332.0
7057185000110;UNIMED MARANHÃO DO SUL - COOPERATIVA DE TRABALHO MÉDICO;2025;2T2025;-1187.0
7057185000110;UNIMED MARANHÃO DO SUL - COOPERATIVA DE TRABALHO MÉDICO;2025;3T2025;203783.0
71063853000110;UNIMED ITAÚNA COOPERATIVA DE TRABALHO MÉDICO LTDA.;2025;2T2025;300.0
71063853000110;UNIMED ITAÚNA COOPERATIVA DE TRABALHO MÉDICO LTDA.;2025;3T2025;3697086.0
71064539000152;UNIMED SUDOESTE DE MINAS COOPERATIVA DE TRABALHO MÉDICO;2025;2T2025;429480.0
71064539000152;UNIMED SUDOESTE DE MINAS COOPERATIVA DE TRABALHO MÉDICO;2025;3T2025;-357357.0
71186886000158;UNIMED SÃO JOÃO NEPOMUCENO COOPERATIVA DE TRABALHO MÉDICO LTDA.;2025;1T2025;462.0
71186886000158;UNIMED SÃO JOÃO NEPOMUCENO COOPERATIVA DE TRABALHO MÉDICO LTDA.;2025;2T2025;42122.0
71186886000158;UNIMED SÃO JOÃO NEPOMUCENO COOPERATIVA DE TRABALHO MÉDICO LTDA.;2025;3T2025;10312.0
71499792000139;UNIMED VERTENTE DO CAPARAÓ - COOPERATIVA DE TRABALHO MÉDICO LTDA;2025;1T2025;801.0
71499792000139;UNIMED VERTENTE DO CAPARAÓ - COOPERATIVA DE TRABALHO MÉDICO LTDA;2025;2T2025;443.0
71695746000105;UNIMED DE LINS - COOPERATIVA DE TRABALHOS MÉDICOS;2025;1T2025;755.0
71695746000105;UNIMED DE LINS - COOPERATIVA DE TRABALHOS MÉDICOS;2025;2T2025;66918.0
71695746000105;UNIMED DE LINS - COOPERATIVA DE TRABALHOS MÉDICOS;2025;3T2025;-40908.0
71925531000133;UNIMED DE BARRETOS COOPERATIVA DE TRABALHO MÉDICO;2025;3T2025;5464684.0
72120124000111;UNIODONTO RS FEDERACAO DAS UNIODONTOS DO RGS LTDA;2025;1T2025;917.0
72120124000111;UNIODONTO RS FEDERACAO DAS UNIODONTOS DO RGS LTDA;2025;2T2025;-917.0
72120124000111;UNIODONTO RS FEDERACAO DAS UNIODONTOS DO RGS LTDA;2025;3T2025;1299.0
72234164000194;UNIMED ALTO JACUÍ/RS - COOPERATIVA DE ASSISTÊNCIA À SAÚDE LTDA;2025;1T2025;4373.0
72234164000194;UNIMED ALTO JACUÍ/RS - COOPERATIVA DE ASSISTÊNCIA À SAÚDE LTDA;2025;2T2025;-1457.0
72234164000194;UNIMED ALTO JACUÍ/RS - COOPERATIVA DE ASSISTÊNCIA À SAÚDE LTDA;2025;3T2025;-2916.0
7241136000132;UNIMED TERESINA - COOPERATIVA DE TRABALHO MÉDICO;2025;1T2025;5956.0
7241136000132;UNIMED TERESINA - COOPERATIVA DE TRABALHO MÉDICO;2025;2T2025;7954763.0
7241136000132;UNIMED TERESINA - COOPERATIVA DE TRABALHO MÉDICO;2025;3T2025;-7960719.0
7270625000112;FEDERAÇÃO DAS COOP ODONTOLÓGICAS DO ESTADO DE SANTA CATARINA;2025;2T2025;980386.0
7270625000112;FEDERAÇÃO DAS COOP ODONTOLÓGICAS DO ESTADO DE SANTA CATARINA;2025;3T2025;-980386.0
72783970000111;UNIMED DE JABOTICABAL COOP. DE TRABALHO MÉDICO;2025;1T2025;80987.0
72783970000111;UNIMED DE JABOTICABAL COOP. DE TRABALHO MÉDICO;2025;2T2025;-70807.0
72783970000111;UNIMED DE JABOTICABAL COOP. DE TRABALHO MÉDICO;2025;3T2025;-10180.0
730439000170;UNIMED PONTAL DO TRIÂNGULO - COOPERATIVA DE TRABALHO MÉDICO;2025;1T2025;26265.0
730439000170;UNIMED PONTAL DO TRIÂNGULO - COOPERATIVA DE TRABALHO MÉDICO;2025;2T2025;-8185.0
730439000170;UNIMED PONTAL DO TRIÂNGULO - COOPERATIVA DE TRABALHO MÉDICO;2025;3T2025;9834.0
73809352000166;FUNDAÇÃO SAÚDE ITAÚ;2025;2T2025;18000.0
73809352000166;FUNDAÇÃO SAÚDE ITAÚ;2025;3T2025;490214499.0
73936395000102;UNIMED ENCOSTA DA SERRA/RS SOCIEDADE COOPERATIVA DE SERVIÇOS DE SAÚDE LTDA.;2025;2T2025;220177.0
73936395000102;UNIMED ENCOSTA DA SERRA/RS SOCIEDADE COOPERATIVA DE SERVIÇOS DE SAÚDE LTDA.;2025;3T2025;-220177.0
73967085000155;UNIMED NORTE DO MATO GROSSO COOPERATIVA DE TRABALHO MÉDICO;2025;1T2025;76225.0
73967085000155;UNIMED NORTE DO MATO GROSSO COOPERATIVA DE TRABALHO MÉDICO;2025;2T2025;105448.0
73967085000155;UNIMED NORTE DO MATO GROSSO COOPERATIVA DE TRABALHO MÉDICO;2025;3T2025;-3743.0
74466137000172;UNIMED DE GUARULHOS COOPERATIVA DE TRABALHO MÉDICO;2025;3T2025;595.0
74521188000150;UNIMED DE SÃO ROQUE - COOPERATIVA DE TRABALHO MÉDICO;2025;1T2025;2824866.0
74521188000150;UNIMED DE SÃO ROQUE - COOPERATIVA DE TRABALHO MÉDICO;2025;2T2025;-2824831.0
74521188000150;UNIMED DE SÃO ROQUE - COOPERATIVA DE TRABALHO MÉDICO;2025;3T2025;20.0
747041000146;UNIMED VALE DO CORUMBÁ COOPERATIVA DE TRABALHO MEDICO;2025;1T2025;6744.0
747041000146;UNIMED VALE DO CORUMBÁ COOPERATIVA DE TRABALHO MEDICO;2025;2T2025;-6612.0
747041000146;UNIMED VALE DO CORUMBÁ COOPERATIVA DE TRABALHO MEDICO;2025;3T2025;66.0
75003525000180;UNIMED DE PARANAGUÁ COOPERATIVA DE TRABALHO MÉDICO;2025;1T2025;7350.0
75003525000180;UNIMED DE PARANAGUÁ COOPERATIVA DE TRABALHO MÉDICO;2025;2T2025;-7350.0
75003525000180;UNIMED DE PARANAGUÁ COOPERATIVA DE TRABALHO MÉDICO;2025;3T2025;672113.0
75054940000162;FUNDAÇÃO COPEL DE PREVIDÊNCIA E ASSISTÊNCIA SOCIAL;2025;2T2025;19500.0
75055772000120;UNIMED CURITIBA - SOCIEDADE COOPERATIVA DE MÉDICOS;2025;1T2025;3841706.0
75055772000120;UNIMED CURITIBA - SOCIEDADE COOPERATIVA DE MÉDICOS;2025;2T2025;33376090.0
75055772000120;UNIMED CURITIBA - SOCIEDADE COOPERATIVA DE MÉDICOS;2025;3T2025;-36601770.0
75222224000147;UNIMED DE LONDRINA COOPERATIVA DE TRABALHO MÉDICO;2025;1T2025;13356401.0
75222224000147;UNIMED DE LONDRINA COOPERATIVA DE TRABALHO MÉDICO;2025;2T2025;-13272245.0
75222224000147;UNIMED DE LONDRINA COOPERATIVA DE TRABALHO MÉDICO;2025;3T2025;22307.0
7583396000196;UNIMED DO CARIRI - SOCIEDADE COOPERATIVA MÉDICA LTDA;2025;1T2025;90.0
7583396000196;UNIMED DO CARIRI - SOCIEDADE COOPERATIVA MÉDICA LTDA;2025;2T2025;-90.0
763923000103;UNIMED ALTO PARANAIBA COOPERATIVA DE TRABALHO MEDICO;2025;3T2025;822772.0
76590884000143;UNIMED DO ESTADO DE SANTA CATARINA FED. EST. DAS COOP. MÉD.;2025;1T2025;447037.0
76590884000143;UNIMED DO ESTADO DE SANTA CATARINA FED. EST. DAS COOP. MÉD.;2025;2T2025;-289674.0
76590884000143;UNIMED DO ESTADO DE SANTA CATARINA FED. EST. DAS COOP. MÉD.;2025;3T2025;41615282.0
76767219000182;UNIMED REGIONAL MARINGÁ COOP.DE TRABALHO MÉDICO;2025;1T2025;8000.0
76767219000182;UNIMED REGIONAL MARINGÁ COOP.DE TRABALHO MÉDICO;2025;2T2025;285690.0
76767219000182;UNIMED REGIONAL MARINGÁ COOP.DE TRABALHO MÉDICO;2025;3T2025;344854.0
76882612000117;CLINIPAM CLINICA PARANAENSE DE ASSISTENCIA MEDICA LTDA;2025;1T2025;400.0
76882612000117;CLINIPAM CLINICA PARANAENSE DE ASSISTENCIA MEDICA LTDA;2025;2T2025;12400.0
76882612000117;CLINIPAM CLINICA PARANAENSE DE ASSISTENCIA MEDICA LTDA;2025;3T2025;1.0
773639000100;CENTRO CLÍNICO GAÚCHO LTDA;2025;1T2025;157910.0
773639000100;CENTRO CLÍNICO GAÚCHO LTDA;2025;2T2025;-157720.0
773639000100;CENTRO CLÍNICO GAÚCHO LTDA;2025;3T2025;34080.0
77375897000162;FUNDAÇÃO SANEPAR DE ASSISTÊNCIA SOCIAL;2025;1T2025;3785.0
77375897000162;FUNDAÇÃO SANEPAR DE ASSISTÊNCIA SOCIAL;2025;2T2025;13810.0
77375897000162;FUNDAÇÃO SANEPAR DE ASSISTÊNCIA SOCIAL;2025;3T2025;-17595.0
77781706000162;UNIMED PONTA GROSSA COOPERATIVA DE TRABALHO MEDICO;2025;2T2025;27718819.0
77781706000162;UNIMED PONTA GROSSA COOPERATIVA DE TRABALHO MEDICO;2025;3T2025;-27715008.0
77858611000108;UNIMED GRANDE FLORIANÓPOLIS-COOPERATIVA DE TRABALHO MEDICO;2025;1T2025;97705.0
77858611000108;UNIMED GRANDE FLORIANÓPOLIS-COOPERATIVA DE TRABALHO MEDICO;2025;2T2025;33527371.0
77858611000108;UNIMED GRANDE FLORIANÓPOLIS-COOPERATIVA DE TRABALHO MEDICO;2025;3T2025;-33366417.0
77893469000121;HOSPITAL DE CARIDADE SÃO VICENTE DE PAULO;2025;1T2025;327685.0
77893469000121;HOSPITAL DE CARIDADE SÃO VICENTE DE PAULO;2025;2T2025;27850.0
78044815000160;UNIMED GUARAPUAVA COOPERATIVA DE TRABALHO MÉDICO;2025;1T2025;19405.0
78044815000160;UNIMED GUARAPUAVA COOPERATIVA DE TRABALHO MÉDICO;2025;2T2025;-4445.0
78044815000160;UNIMED GUARAPUAVA COOPERATIVA DE TRABALHO MÉDICO;2025;3T2025;318618.0
78339439000130;UNIMED DO ESTADO DO PARANÁ FEDERAÇÃO ESTADUAL DAS COOPERATIVAS MÉDICAS;2025;1T2025;1705218.0
78339439000130;UNIMED DO ESTADO DO PARANÁ FEDERAÇÃO ESTADUAL DAS COOPERATIVAS MÉDICAS;2025;2T2025;-2662298.0
78339439000130;UNIMED DO ESTADO DO PARANÁ FEDERAÇÃO ESTADUAL DAS COOPERATIVAS MÉDICAS;2025;3T2025;1179300.0
78420783000150;UNIMED OESTE DO PARANA - COOPERATIVA DE TRABALHO MEDICO;2025;1T2025;1226.0
78420783000150;UNIMED OESTE DO PARANA - COOPERATIVA DE TRABALHO MEDICO;2025;2T2025;131366.0
78420783000150;UNIMED OESTE DO PARANA - COOPERATIVA DE TRABALHO MEDICO;2025;3T2025;-156660.0
7844436000106;CABERJ INTEGRAL SAÚDE S.A;2025;2T2025;15925.0
7844436000106;CABERJ INTEGRAL SAÚDE S.A;2025;3T2025;23550.0
78613841000161;ASSOCIAÇÃO EVANGELICA BENEFICENTE DE LONDRINA;2025;1T2025;12551277.0
78613841000161;ASSOCIAÇÃO EVANGELICA BENEFICENTE DE LONDRINA;2025;2T2025;-12551277.0
78931391000155;UNIMED COSTA OESTE - COOPERATIVA DE TRABALHO MÉDICO;2025;2T2025;23194.0
78931391000155;UNIMED COSTA OESTE - COOPERATIVA DE TRABALHO MÉDICO;2025;3T2025;-21904.0
78953023000108;UNIMED NORTE PIONEIRO - COOPERATIVA DE TRABALHO MÉDICO;2025;1T2025;2690.0
78953023000108;UNIMED NORTE PIONEIRO - COOPERATIVA DE TRABALHO MÉDICO;2025;3T2025;698.0
79115762000193;IRMANDADE SANTA CASA DE MISERICÓRDIA DE MARINGÁ;2025;1T2025;1868.0
79115762000193;IRMANDADE SANTA CASA DE MISERICÓRDIA DE MARINGÁ;2025;2T2025;-1598.0
79115762000193;IRMANDADE SANTA CASA DE MISERICÓRDIA DE MARINGÁ;2025;3T2025;700.0
79831608000118;SIM - CAIXA DE ASSISTÊNCIA À SAÚDE;2025;1T2025;2765.0
79831608000118;SIM - CAIXA DE ASSISTÊNCIA À SAÚDE;2025;2T2025;-2765.0
80297161000128;UNIMED NORTE DO PARANÁ COOPERATIVA REGIONAL DE TRABALHO MÉDICO;2025;1T2025;1722537.0
80297161000128;UNIMED NORTE DO PARANÁ COOPERATIVA REGIONAL DE TRABALHO MÉDICO;2025;2T2025;-1713190.0
80297161000128;UNIMED NORTE DO PARANÁ COOPERATIVA REGIONAL DE TRABALHO MÉDICO;2025;3T2025;6993825.0
80525652000189;UNIMED VALE DO PIQUIRI-COOPERATIVA DE TRABALHO MÉDICO VALE DO PIQUIRI ;2025;1T2025;855.0
80525652000189;UNIMED VALE DO PIQUIRI-COOPERATIVA DE TRABALHO MÉDICO VALE DO PIQUIRI ;2025;2T2025;375.0
80525652000189;UNIMED VALE DO PIQUIRI-COOPERATIVA DE TRABALHO MÉDICO VALE DO PIQUIRI ;2025;3T2025;450.0
80653975000158;UNIMED EXTREMO OESTE CATARINENSE COOPERATIVA DE TRABALHO MÉDICO;2025;1T2025;2538940.0
80653975000158;UNIMED EXTREMO OESTE CATARINENSE COOPERATIVA DE TRABALHO MÉDICO;2025;2T2025;80558.0
80653975000158;UNIMED EXTREMO OESTE CATARINENSE COOPERATIVA DE TRABALHO MÉDICO;2025;3T2025;-2619498.0
80871551000160;UNIMED PATO BRANCO SOCIEDADE COOPERATIVA DE MÉDICOS;2025;1T2025;11485592.0
80871551000160;UNIMED PATO BRANCO SOCIEDADE COOPERATIVA DE MÉDICOS;2025;2T2025;-11476895.0
80871551000160;UNIMED PATO BRANCO SOCIEDADE COOPERATIVA DE MÉDICOS;2025;3T2025;3423.0
81076069000109;UNIMED DE PARANAVAÍ COOPERATIVA DE TRABALHO MÉDICO;2025;2T2025;3217.0
81076069000109;UNIMED DE PARANAVAÍ COOPERATIVA DE TRABALHO MÉDICO;2025;3T2025;500.0
81170003000175;UNIMED DE CASCAVEL COOPERATIVA DE TRABALHO MÉDICO;2025;1T2025;-725.0
81170003000175;UNIMED DE CASCAVEL COOPERATIVA DE TRABALHO MÉDICO;2025;2T2025;40620235.0
81170003000175;UNIMED DE CASCAVEL COOPERATIVA DE TRABALHO MÉDICO;2025;3T2025;-40607325.0
81710543000102;UNIMED FRANCISCO BELTRAO COOPERATIVA DE TRABALHO MEDICO;2025;1T2025;1150.0
81710543000102;UNIMED FRANCISCO BELTRAO COOPERATIVA DE TRABALHO MEDICO;2025;2T2025;9150790.0
81710543000102;UNIMED FRANCISCO BELTRAO COOPERATIVA DE TRABALHO MEDICO;2025;3T2025;-9148340.0
81710865000143;UNIMED NOROESTE DO PARANÁ COOP DE TRABALHO MÉDICO .;2025;1T2025;2580.0
81710865000143;UNIMED NOROESTE DO PARANÁ COOP DE TRABALHO MÉDICO .;2025;2T2025;-1680.0
81733115000197;UNIMED DE CIANORTE - COOPERATIVA DE TRABALHO MEDICO ;2025;1T2025;880.0
81733115000197;UNIMED DE CIANORTE - COOPERATIVA DE TRABALHO MEDICO ;2025;2T2025;-880.0
8202035000115;ASSOCIAÇÃO DE ASSISTÊNCIA À SAÚDE DOS EMPREGADOS DA COPASA;2025;3T2025;136000.0
82353079000107;PARANA ASSISTENCIA MEDICA LTDA;2025;1T2025;5400.0
82353079000107;PARANA ASSISTENCIA MEDICA LTDA;2025;2T2025;-5400.0
82353079000107;PARANA ASSISTENCIA MEDICA LTDA;2025;3T2025;38036905.0
82602327000106;UNIMED DE JOINVILLE COOPERATIVA DE TRABALHO MÉDICO;2025;2T2025;240.0
82602327000106;UNIMED DE JOINVILLE COOPERATIVA DE TRABALHO MÉDICO;2025;3T2025;360.0
82624776000147;UNIMED BLUMENAU - COOPERATIVA DE TRABALHO MEDICO;2025;1T2025;3025.0
82624776000147;UNIMED BLUMENAU - COOPERATIVA DE TRABALHO MEDICO;2025;2T2025;11260.0
82624776000147;UNIMED BLUMENAU - COOPERATIVA DE TRABALHO MEDICO;2025;3T2025;2050.0
82956996000178;FUNDAÇÃO CELESC DE SEGURIDADE SOCIAL - CELOS;2025;1T2025;39298.0
82956996000178;FUNDAÇÃO CELESC DE SEGURIDADE SOCIAL - CELOS;2025;2T2025;-39298.0
82956996000178;FUNDAÇÃO CELESC DE SEGURIDADE SOCIAL - CELOS;2025;3T2025;45206888.0
82996703000186;UNIMED DE CRICIÚMA COOPERATIVA DE TRABALHO MÉDICO DA REGIÃO CARBONÍFERA;2025;1T2025;513508.0
82996703000186;UNIMED DE CRICIÚMA COOPERATIVA DE TRABALHO MÉDICO DA REGIÃO CARBONÍFERA;2025;2T2025;504570.0
82996703000186;UNIMED DE CRICIÚMA COOPERATIVA DE TRABALHO MÉDICO DA REGIÃO CARBONÍFERA;2025;3T2025;40812188.0
8315806000180;UNIMED PATOS - COOPERATIVA DE TRABALHO MÉDICO;2025;1T2025;64206.0
8315806000180;UNIMED PATOS - COOPERATIVA DE TRABALHO MÉDICO;2025;2T2025;69398.0
8315806000180;UNIMED PATOS - COOPERATIVA DE TRABALHO MÉDICO;2025;3T2025;-100107.0
83506030000100;BENEFICENCIA CAMILIANA DO SUL;2025;2T2025;350.0
8380701000105;UNIMED NATAL SOC. COOP. DE TRAB. MÉDICO;2025;1T2025;10441.0
8380701000105;UNIMED NATAL SOC. COOP. DE TRAB. MÉDICO;2025;2T2025;179879.0
8380701000105;UNIMED NATAL SOC. COOP. DE TRAB. MÉDICO;2025;3T2025;5371098.0
840048000108;UNIMED DE PIRASSUNUNGA COOPERATIVA DE TRABALHO MÉDICO;2025;1T2025;84.0
840048000108;UNIMED DE PIRASSUNUNGA COOPERATIVA DE TRABALHO MÉDICO;2025;2T2025;-84.0
84112481000117;FEDERAÇÃO DAS SOCIEDADES COOPERATIVAS DE TRABALHO MÉDICO DO ACRE, AMAPÁ, AMAZONAS, PARÁ, RONDONIA E RORAIMA;2025;3T2025;1520915.0
84313741000112;UNIMED RIO BRANCO COOPERATIVA DE TRABALHO MEDICO LTDA;2025;1T2025;23387.0
84313741000112;UNIMED RIO BRANCO COOPERATIVA DE TRABALHO MEDICO LTDA;2025;2T2025;6728797.0
84313741000112;UNIMED RIO BRANCO COOPERATIVA DE TRABALHO MEDICO LTDA;2025;3T2025;-4036558.0
846662000187;LIV LINHAS INTELIGENTES DE ATENÇÃO À VIDA S/A;2025;1T2025;250.0
846662000187;LIV LINHAS INTELIGENTES DE ATENÇÃO À VIDA S/A;2025;2T2025;77890.0
846662000187;LIV LINHAS INTELIGENTES DE ATENÇÃO À VIDA S/A;2025;3T2025;-65050.0
85177194000158;COOPERATIVA DE TRABALHO MÉDICO DO PLANALTO NORTE DE SANTA CATARINA LTDA;2025;1T2025;3400.0
85177194000158;COOPERATIVA DE TRABALHO MÉDICO DO PLANALTO NORTE DE SANTA CATARINA LTDA;2025;2T2025;51195.0
85177194000158;COOPERATIVA DE TRABALHO MÉDICO DO PLANALTO NORTE DE SANTA CATARINA LTDA;2025;3T2025;332923.0
85241339000132;UNIMED DE TUBARAO - COOPERATIVA DE TRABALHO MEDICO DA REGIAO DA AMUREL;2025;1T2025;275259.0
85241339000132;UNIMED DE TUBARAO - COOPERATIVA DE TRABALHO MEDICO DA REGIAO DA AMUREL;2025;2T2025;220619.0
85241339000132;UNIMED DE TUBARAO - COOPERATIVA DE TRABALHO MEDICO DA REGIAO DA AMUREL;2025;3T2025;2760681.0
85246916000189;COOPERATIVA DE TRABALHO MEDICO REGIÃO DO PLANALTO SERRANO;2025;1T2025;3150.0
85246916000189;COOPERATIVA DE TRABALHO MEDICO REGIÃO DO PLANALTO SERRANO;2025;2T2025;-1581.0
85246916000189;COOPERATIVA DE TRABALHO MEDICO REGIÃO DO PLANALTO SERRANO;2025;3T2025;877679.0
85283299000191;UNIMED CHAPECÓ - COOPERATIVA DE TRABALHO MÉDICO DA REGIÃO OESTE CATARINENSE;2025;1T2025;16872.0
85283299000191;UNIMED CHAPECÓ - COOPERATIVA DE TRABALHO MÉDICO DA REGIÃO OESTE CATARINENSE;2025;2T2025;23697.0
85283299000191;UNIMED CHAPECÓ - COOPERATIVA DE TRABALHO MÉDICO DA REGIÃO OESTE CATARINENSE;2025;3T2025;15282.0
85377174000120;UNIMED LITORAL COOPERATIVA DE TRABALHO MÉDICO LTDA;2025;1T2025;21533138.0
85377174000120;UNIMED LITORAL COOPERATIVA DE TRABALHO MÉDICO LTDA;2025;2T2025;-21529138.0
85377174000120;UNIMED LITORAL COOPERATIVA DE TRABALHO MÉDICO LTDA;2025;3T2025;192418212.0
8680639000177;UNIMED JOAO PESSOA - COOPERATIVA DE TRABALHO MÉDICO;2025;1T2025;93.0
8680639000177;UNIMED JOAO PESSOA - COOPERATIVA DE TRABALHO MÉDICO;2025;2T2025;572737.0
8680639000177;UNIMED JOAO PESSOA - COOPERATIVA DE TRABALHO MÉDICO;2025;3T2025;-572422.0
8707473000135;UNIMED CAMPINA GRANDE - COOPERATIVA DE TRABALHO MEDICO LTDA;2025;2T2025;4825244.0
8707473000135;UNIMED CAMPINA GRANDE - COOPERATIVA DE TRABALHO MEDICO LTDA;2025;3T2025;-4825244.0
8708980000193;OESTE SAÚDE ASSISTÊNCIA A SAÚDE SUPLEMENTAR S.A;2025;1T2025;432770.0
8708980000193;OESTE SAÚDE ASSISTÊNCIA A SAÚDE SUPLEMENTAR S.A;2025;2T2025;-368770.0
8708980000193;OESTE SAÚDE ASSISTÊNCIA A SAÚDE SUPLEMENTAR S.A;2025;3T2025;92682.0
87096616000196;UNIMED PORTO ALEGRE - COOPERATIVA MÉDICA LTDA.;2025;1T2025;459535.0
87096616000196;UNIMED PORTO ALEGRE - COOPERATIVA MÉDICA LTDA.;2025;2T2025;8127717.0
87096616000196;UNIMED PORTO ALEGRE - COOPERATIVA MÉDICA LTDA.;2025;3T2025;-8283804.0
87158507000156;COOPERATIVA CENTRAL UNIMED DE COOPERATIVAS DE ASSISTÊNCIA À SAÚDE DO RIO GRANDE DO SUL LTDA.;2025;1T2025;1710.0
87300448000109;UNIMED - COOPERATIVA DE SERVIÇOS DE SAÚDE DOS VALES DO TAQUARI E RIO PARDO LTDA.;2025;1T2025;62629.0
87300448000109;UNIMED - COOPERATIVA DE SERVIÇOS DE SAÚDE DOS VALES DO TAQUARI E RIO PARDO LTDA.;2025;2T2025;1276176.0
87300448000109;UNIMED - COOPERATIVA DE SERVIÇOS DE SAÚDE DOS VALES DO TAQUARI E RIO PARDO LTDA.;2025;3T2025;33995542.0
87306361000149;UNIMED VALE DO CAÍ/RS - COOPERATIVA DE ASSISTÊNCIA À SAÚDE LTDA.;2025;1T2025;244.0
87306361000149;UNIMED VALE DO CAÍ/RS - COOPERATIVA DE ASSISTÊNCIA À SAÚDE LTDA.;2025;2T2025;8964399.0
87306361000149;UNIMED VALE DO CAÍ/RS - COOPERATIVA DE ASSISTÊNCIA À SAÚDE LTDA.;2025;3T2025;-8964399.0
87497368000195;UNIMED SANTA MARIA/RS - COOPERATIVA DE ASSISTÊNCIA À SAÚDE LTDA;2025;1T2025;238268.0
87497368000195;UNIMED SANTA MARIA/RS - COOPERATIVA DE ASSISTÊNCIA À SAÚDE LTDA;2025;2T2025;35242.0
87497368000195;UNIMED SANTA MARIA/RS - COOPERATIVA DE ASSISTÊNCIA À SAÚDE LTDA;2025;3T2025;140045.0
87547444000120;ASSOCIAÇÃO DR. BARTHOLOMEU TACCHINI;2025;1T2025;562.0
87638334000173;UNIMED ERECHIM - COOPERATIVA DE SERVIÇOS DE SAÚDE LTDA.;2025;1T2025;474.0
87638334000173;UNIMED ERECHIM - COOPERATIVA DE SERVIÇOS DE SAÚDE LTDA.;2025;2T2025;2358800.0
87638334000173;UNIMED ERECHIM - COOPERATIVA DE SERVIÇOS DE SAÚDE LTDA.;2025;3T2025;-2359100.0
87647756000105;UNIMED NOROESTE/RS - SOCIEDADE COOPERATIVA DE ASSISTÊNCIA À SAÚDE LTDA.;2025;1T2025;3322.0
87647756000105;UNIMED NOROESTE/RS - SOCIEDADE COOPERATIVA DE ASSISTÊNCIA À SAÚDE LTDA.;2025;2T2025;111006.0
87647756000105;UNIMED NOROESTE/RS - SOCIEDADE COOPERATIVA DE ASSISTÊNCIA À SAÚDE LTDA.;2025;3T2025;-114328.0
87689527000153;UNIMED FRONTEIRA NOROESTE/RS - COOPERATIVA DE ASSISTÊNCIA À SAÚDE LTDA.;2025;1T2025;51075.0
87689527000153;UNIMED FRONTEIRA NOROESTE/RS - COOPERATIVA DE ASSISTÊNCIA À SAÚDE LTDA.;2025;2T2025;-34050.0
87689527000153;UNIMED FRONTEIRA NOROESTE/RS - COOPERATIVA DE ASSISTÊNCIA À SAÚDE LTDA.;2025;3T2025;19220.0
87701249000102;UNIMED MISSÕES/RS - COOPERATIVA DE ASSISTÊNCIA À SAÚDE LTDA.;2025;1T2025;129730.0
87701249000102;UNIMED MISSÕES/RS - COOPERATIVA DE ASSISTÊNCIA À SAÚDE LTDA.;2025;2T2025;-129730.0
87701249000102;UNIMED MISSÕES/RS - COOPERATIVA DE ASSISTÊNCIA À SAÚDE LTDA.;2025;3T2025;1006865.0
87827689000100;UNIMED SERRA GAUCHA/RS COOPERATIVA DE ASSISTENCIA A SAUDE LTDA;2025;1T2025;18938.0
87827689000100;UNIMED SERRA GAUCHA/RS COOPERATIVA DE ASSISTENCIA A SAUDE LTDA;2025;2T2025;21089142.0
87827689000100;UNIMED SERRA GAUCHA/RS COOPERATIVA DE ASSISTENCIA A SAUDE LTDA;2025;3T2025;-21024207.0
8787782000162;PRIMA VIDA ODONTOLOGIA DE GRUPO LIMITADA;2025;3T2025;2308.0
88258884000120;UNIMED VALE DO SINOS - COOPERATIVA DE ASSISTÊNCIA À SAÚDE LTDA;2025;1T2025;65972.0
88258884000120;UNIMED VALE DO SINOS - COOPERATIVA DE ASSISTÊNCIA À SAÚDE LTDA;2025;2T2025;-65702.0
88258884000120;UNIMED VALE DO SINOS - COOPERATIVA DE ASSISTÊNCIA À SAÚDE LTDA;2025;3T2025;-270.0
88645403000139;CIRCULO OPERARIO CAXIENSE;2025;1T2025;416855.0
88645403000139;CIRCULO OPERARIO CAXIENSE;2025;2T2025;-416855.0
88645403000139;CIRCULO OPERARIO CAXIENSE;2025;3T2025;5665598.0
88732318000108;UNIMED ALTO DA SERRA - SOCIEDADE COOPERATIVA DE SERVIÇO MÉDICO LTDA.;2025;1T2025;1867.0
88732318000108;UNIMED ALTO DA SERRA - SOCIEDADE COOPERATIVA DE SERVIÇO MÉDICO LTDA.;2025;2T2025;1779.0
88732318000108;UNIMED ALTO DA SERRA - SOCIEDADE COOPERATIVA DE SERVIÇO MÉDICO LTDA.;2025;3T2025;1196322.0
8883265000197;ASSOCIAÇÃO FUNDO DE PROTEÇÃO À SAÚDE;2025;2T2025;19327869.0
8883265000197;ASSOCIAÇÃO FUNDO DE PROTEÇÃO À SAÚDE;2025;3T2025;-19327869.0
88938089000182;UNIODONTO PORTO ALEGRE COOPERATIVA ODONTOLOGICA LTDA;2025;3T2025;2408598.0
89640452000141;UNIMED REGIÃO DA CAMPANHA/RS - COOPERATIVA DE ASSISTÊNCIA À SAÚDE LTDA.;2025;1T2025;9674.0
89640452000141;UNIMED REGIÃO DA CAMPANHA/RS - COOPERATIVA DE ASSISTÊNCIA À SAÚDE LTDA.;2025;2T2025;110240.0
89640452000141;UNIMED REGIÃO DA CAMPANHA/RS - COOPERATIVA DE ASSISTÊNCIA À SAÚDE LTDA.;2025;3T2025;3328503.0
89761670000134;ASSOCIAÇAO UNISAUDE MARAU;2025;1T2025;3354.0
89761670000134;ASSOCIAÇAO UNISAUDE MARAU;2025;2T2025;-3354.0
89870547000151;UNIMED PELOTAS/RS - COOPERATIVA DE ASSISTÊNCIA À SAÚDE LTDA.;2025;1T2025;6231.0
89870547000151;UNIMED PELOTAS/RS - COOPERATIVA DE ASSISTÊNCIA À SAÚDE LTDA.;2025;2T2025;-6231.0
89870547000151;UNIMED PELOTAS/RS - COOPERATIVA DE ASSISTÊNCIA À SAÚDE LTDA.;2025;3T2025;206724.0
90747908000156;SULMED - ASSISTÊNCIA MÉDICA LTDA;2025;1T2025;27053.0
90747908000156;SULMED - ASSISTÊNCIA MÉDICA LTDA;2025;2T2025;-27053.0
92128610000193;UNIMED VALE DAS ANTAS, RS - COOPERATIVA DE ASSISTÊNCIA À SAÚDE LTDA.;2025;1T2025;1013.0
92128610000193;UNIMED VALE DAS ANTAS, RS - COOPERATIVA DE ASSISTÊNCIA À SAÚDE LTDA.;2025;2T2025;1126.0
92128610000193;UNIMED VALE DAS ANTAS, RS - COOPERATIVA DE ASSISTÊNCIA À SAÚDE LTDA.;2025;3T2025;-472.0
92219070000153;SOCIEDADE PORTUGUESA DE BENEFICÊNCIA;2025;1T2025;14539.0
92219070000153;SOCIEDADE PORTUGUESA DE BENEFICÊNCIA;2025;2T2025;2995.0
92219070000153;SOCIEDADE PORTUGUESA DE BENEFICÊNCIA;2025;3T2025;12985.0
92240605000178;ON MED ASSISTÊNCIA MÉDICA LTDA;2025;2T2025;27100.0
92240605000178;ON MED ASSISTÊNCIA MÉDICA LTDA;2025;3T2025;-27100.0
9433795000104;QUALLITY PRÓ SAÚDE PLANO DE ASSISTÊNCIA MÉDICA LTDA.;2025;2T2025;183064.0
9433795000104;QUALLITY PRÓ SAÚDE PLANO DE ASSISTÊNCIA MÉDICA LTDA.;2025;3T2025;67027269.0
946953000147;UNIMED TRÊS RIOS COOPERATIVA DE TRABALHO MÉDICO;2025;2T2025;61346.0
946953000147;UNIMED TRÊS RIOS COOPERATIVA DE TRABALHO MÉDICO;2025;3T2025;-61346.0
95642179000197;HUMANA SAÚDE LTDA.;2025;1T2025;4100.0
95642179000197;HUMANA SAÚDE LTDA.;2025;2T2025;320.0
95642179000197;HUMANA SAÚDE LTDA.;2025;3T2025;-4100.0
97388490000187;UNIMED COSTA DO DESCOBRIMENTO COOPERATIVA DE TRABALHO MÉDICO;2025;1T2025;9181.0
97388490000187;UNIMED COSTA DO DESCOBRIMENTO COOPERATIVA DE TRABALHO MÉDICO;2025;2T2025;5687741.0
97388490000187;UNIMED COSTA DO DESCOBRIMENTO COOPERATIVA DE TRABALHO MÉDICO;2025;3T2025;-5682822.0
